Fecha,Primero,Último,Mínimo,Máximo,Promedio simple,Promedio ponderado,Promedio ponderado sesión anterior
1 Ene 2021,0.00,0.00,0.00,0.00,0.00,0.00,615.43
2 Ene 2021,,,,,,,
3 Ene 2021,,,,,,,
4 Ene 2021,611.00,614.50,611.00,615.94,614.18,614.21,615.43
5 Ene 2021,612.00,615.20,612.00,615.50,614.87,615.02,614.21
6 Ene 2021,614.20,615.89,614.01,616.25,615.69,615.87,615.02
7 Ene 2021,616.00,616.50,615.50,617.25,616.54,616.48,615.87
8 Ene 2021,616.50,616.35,615.15,617.90,616.29,616.25,616.48
9 Ene 2021,,,,,,,
10 Ene 2021,,,,,,,
11 Ene 2021,615.00,614.89,614.60,615.70,615.00,614.97,616.25
12 Ene 2021,614.15,612.00,611.50,615.00,612.84,612.50,614.97
13 Ene 2021,613.15,610.05,609.51,613.41,610.08,609.97,612.50
14 Ene 2021,608.10,609.85,607.90,610.00,608.29,608.41,609.97
15 Ene 2021,608.88,610.50,608.30,610.70,609.69,609.94,608.41
16 Ene 2021,,,,,,,
17 Ene 2021,,,,,,,
18 Ene 2021,609.75,609.80,609.70,611.00,609.84,609.79,609.94
19 Ene 2021,614.97,610.49,610.03,614.97,610.48,610.49,609.79
20 Ene 2021,611.00,612.05,611.00,613.50,612.03,612.04,610.49
21 Ene 2021,616.99,612.50,608.01,617.00,612.33,612.33,612.04
22 Ene 2021,610.00,612.80,610.00,615.00,612.81,612.66,612.33
23 Ene 2021,,,,,,,
24 Ene 2021,,,,,,,
25 Ene 2021,613.00,613.68,611.30,614.00,613.61,613.68,612.66
26 Ene 2021,614.95,614.00,613.35,614.95,614.03,614.00,613.68
27 Ene 2021,613.25,614.50,613.25,614.50,614.22,614.34,614.00
28 Ene 2021,610.30,614.00,610.30,615.50,613.77,613.79,614.34
29 Ene 2021,611.50,614.35,611.50,615.00,614.22,614.31,613.79
30 Ene 2021,,,,,,,
31 Ene 2021,,,,,,,
1 Feb 2021,614.99,614.30,614.00,616.84,614.61,614.50,614.31
2 Feb 2021,614.50,613.90,613.80,616.00,614.08,613.96,614.50
3 Feb 2021,613.50,613.25,613.15,613.75,613.27,613.25,613.96
4 Feb 2021,613.01,612.10,611.80,613.25,612.02,612.01,613.25
5 Feb 2021,612.00,612.15,610.50,612.25,611.92,612.07,612.01
6 Feb 2021,,,,,,,
7 Feb 2021,,,,,,,
8 Feb 2021,614.00,612.20,611.50,614.00,612.23,612.17,612.07
9 Feb 2021,614.00,612.28,611.80,614.01,612.37,612.31,612.17
10 Feb 2021,613.00,612.30,611.05,613.00,612.23,612.24,612.31
11 Feb 2021,610.10,611.00,610.10,611.50,610.90,610.87,612.24
12 Feb 2021,610.60,610.65,609.00,610.85,610.11,610.21,610.87
13 Feb 2021,,,,,,,
14 Feb 2021,,,,,,,
15 Feb 2021,611.00,611.75,609.60,615.00,611.14,611.45,610.21
16 Feb 2021,610.00,612.85,610.00,613.00,612.67,612.76,611.45
17 Feb 2021,613.00,612.66,609.55,613.99,612.61,612.64,612.76
18 Feb 2021,611.11,612.30,611.11,612.99,612.29,612.30,612.64
19 Feb 2021,613.00,612.15,610.11,613.00,611.90,611.98,612.30
20 Feb 2021,,,,,,,
21 Feb 2021,,,,,,,
22 Feb 2021,614.97,611.52,611.00,615.00,611.58,611.52,611.98
23 Feb 2021,611.02,611.85,611.01,611.90,611.63,611.73,611.52
24 Feb 2021,612.00,612.65,611.50,612.90,612.50,612.54,611.73
25 Feb 2021,613.00,613.60,612.25,614.00,613.19,613.16,612.54
26 Feb 2021,613.10,614.60,613.10,615.00,614.42,614.47,613.16
27 Feb 2021,,,,,,,
28 Feb 2021,,,,,,,
29 Feb 2021,,,,,,,
1 Mar 2021,614.00,613.80,613.05,615.00,613.80,613.80,614.47
2 Mar 2021,613.11,613.50,613.01,613.75,613.33,613.33,613.80
3 Mar 2021,612.75,612.88,612.51,614.00,612.87,612.87,613.33
4 Mar 2021,613.00,612.56,612.05,613.00,612.53,612.54,612.87
5 Mar 2021,614.75,611.96,611.75,614.75,612.03,611.96,612.54
6 Mar 2021,,,,,,,
7 Mar 2021,,,,,,,
8 Mar 2021,611.05,611.22,611.00,612.00,611.18,611.17,611.96
9 Mar 2021,610.80,610.85,610.00,611.75,610.58,610.55,611.17
10 Mar 2021,610.00,611.10,610.00,611.10,610.78,610.90,610.55
11 Mar 2021,610.50,611.50,610.11,611.70,611.23,611.29,610.90
12 Mar 2021,609.55,611.70,609.51,613.00,611.33,611.38,611.29
13 Mar 2021,,,,,,,
14 Mar 2021,,,,,,,
15 Mar 2021,609.12,611.05,609.11,612.00,610.94,610.96,611.38
16 Mar 2021,611.20,611.49,611.10,612.00,611.38,611.42,610.96
17 Mar 2021,611.00,611.50,611.00,612.00,611.50,611.49,611.42
18 Mar 2021,612.00,611.60,611.00,612.00,611.47,611.53,611.49
19 Mar 2021,611.00,611.92,611.00,613.00,611.76,611.74,611.53
20 Mar 2021,,,,,,,
21 Mar 2021,,,,,,,
22 Mar 2021,610.89,612.18,610.00,613.00,612.00,612.09,611.74
23 Mar 2021,612.90,612.95,612.15,613.00,612.86,612.90,612.09
24 Mar 2021,613.00,614.00,612.00,616.00,613.97,614.04,612.90
25 Mar 2021,614.40,613.50,613.00,614.40,613.50,613.50,614.04
26 Mar 2021,614.00,614.46,613.50,616.99,614.53,614.47,613.50
27 Mar 2021,,,,,,,
28 Mar 2021,,,,,,,
29 Mar 2021,613.00,614.30,613.00,615.50,614.31,614.34,614.47
30 Mar 2021,614.50,613.54,613.41,614.50,613.62,613.54,614.34
31 Mar 2021,612.00,612.58,612.00,614.50,612.60,612.57,613.54
1 Abr 2021,0.00,0.00,0.00,0.00,0.00,0.00,612.57
2 Abr 2021,0.00,0.00,0.00,0.00,0.00,0.00,612.57
3 Abr 2021,,,,,,,
4 Abr 2021,,,,,,,
5 Abr 2021,612.00,612.20,612.00,612.75,612.22,612.16,612.57
6 Abr 2021,612.00,612.25,611.10,612.45,612.05,612.15,612.16
7 Abr 2021,612.05,613.00,612.05,613.10,612.73,612.85,612.15
8 Abr 2021,612.00,613.55,612.00,613.90,613.44,613.51,612.85
9 Abr 2021,614.00,614.25,613.01,614.40,614.03,614.15,613.51
10 Abr 2021,,,,,,,
11 Abr 2021,,,,,,,
12 Abr 2021,612.50,613.97,611.00,615.00,613.90,613.95,614.15
13 Abr 2021,612.77,614.40,612.76,614.45,614.08,614.16,613.95
14 Abr 2021,614.21,614.40,613.86,614.49,614.08,614.05,614.16
15 Abr 2021,614.00,614.30,613.25,614.99,614.14,614.23,614.05
16 Abr 2021,614.99,614.75,614.00,614.99,614.61,614.69,614.23
17 Abr 2021,,,,,,,
18 Abr 2021,,,,,,,
19 Abr 2021,614.99,614.94,614.02,615.50,614.94,614.94,614.69
20 Abr 2021,614.80,615.36,614.11,616.00,615.33,615.32,614.94
21 Abr 2021,615.00,616.15,615.00,616.40,616.06,616.13,615.32
22 Abr 2021,616.49,616.50,616.25,616.70,616.49,616.49,616.13
23 Abr 2021,616.25,617.05,616.25,617.25,616.91,617.01,616.49
24 Abr 2021,,,,,,,
25 Abr 2021,,,,,,,
26 Abr 2021,617.00,617.80,616.56,618.23,617.69,617.77,617.01
27 Abr 2021,618.00,619.00,617.50,620.50,618.74,619.17,617.77
28 Abr 2021,617.01,618.00,617.00,621.97,619.53,619.48,619.17
29 Abr 2021,620.00,615.25,615.05,620.00,616.27,615.60,619.48
30 Abr 2021,615.00,614.55,612.00,616.25,614.39,614.54,615.60
1 May 2021,,,,,,,
2 May 2021,,,,,,,
3 May 2021,0.00,0.00,0.00,0.00,0.00,0.00,614.54
4 May 2021,614.50,616.00,614.50,617.00,615.90,615.99,614.54
5 May 2021,612.51,617.10,612.51,617.75,616.94,617.06,615.99
6 May 2021,616.00,617.75,616.00,618.50,617.70,617.73,617.06
7 May 2021,618.00,617.15,616.55,618.50,617.23,617.11,617.73
8 May 2021,,,,,,,
9 May 2021,,,,,,,
10 May 2021,617.84,617.60,617.00,618.00,617.65,617.64,617.11
11 May 2021,618.00,617.49,616.00,618.99,617.35,617.39,617.64
12 May 2021,618.24,616.66,615.75,618.24,616.57,616.57,617.39
13 May 2021,615.26,615.70,615.25,616.00,615.58,615.57,616.57
14 May 2021,615.02,615.00,614.00,616.00,614.52,614.54,615.57
15 May 2021,,,,,,,
16 May 2021,,,,,,,
17 May 2021,614.50,617.10,614.50,617.96,616.73,617.03,614.54
18 May 2021,618.00,617.99,617.10,618.30,617.96,617.99,617.03
19 May 2021,616.06,618.43,616.06,619.55,618.48,618.43,617.99
20 May 2021,615.00,618.55,615.00,619.00,618.34,618.43,618.43
21 May 2021,615.50,618.65,615.50,618.99,618.50,618.52,618.43
22 May 2021,,,,,,,
23 May 2021,,,,,,,
24 May 2021,617.90,618.58,617.50,618.97,618.44,618.48,618.52
25 May 2021,619.01,618.67,618.60,619.25,618.80,618.71,618.48
26 May 2021,618.99,618.90,618.61,619.05,618.81,618.78,618.71
27 May 2021,618.00,618.76,618.00,619.00,618.72,618.72,618.78
28 May 2021,618.50,619.20,615.65,619.68,618.74,618.99,618.72
29 May 2021,,,,,,,
30 May 2021,,,,,,,
31 May 2021,619.00,620.45,619.00,620.45,620.02,620.20,618.99
1 Jun 2021,618.11,619.50,618.11,620.50,619.83,619.81,620.20
2 Jun 2021,619.50,619.70,619.50,620.00,619.69,619.68,619.81
3 Jun 2021,619.50,619.05,618.01,620.00,618.85,618.92,619.68
4 Jun 2021,617.80,619.20,617.80,619.50,619.03,619.06,618.92
5 Jun 2021,,,,,,,
6 Jun 2021,,,,,,,
7 Jun 2021,620.00,619.15,619.00,620.00,619.19,619.11,619.06
8 Jun 2021,619.00,619.55,619.00,619.75,619.43,619.52,619.11
9 Jun 2021,620.00,619.75,618.10,620.00,619.59,619.64,619.52
10 Jun 2021,619.00,619.00,618.51,619.64,618.86,618.89,619.64
11 Jun 2021,619.00,618.60,618.00,619.00,618.39,618.38,618.89
12 Jun 2021,,,,,,,
13 Jun 2021,,,,,,,
14 Jun 2021,618.61,617.86,617.00,618.65,617.78,617.76,618.38
15 Jun 2021,617.50,617.80,616.00,617.95,617.18,617.35,617.76
16 Jun 2021,617.11,618.45,617.10,618.50,618.12,618.20,617.35
17 Jun 2021,618.50,619.15,618.50,619.25,619.08,619.11,618.20
18 Jun 2021,613.00,619.07,612.00,620.00,619.02,619.05,619.11
19 Jun 2021,,,,,,,
20 Jun 2021,,,,,,,
21 Jun 2021,618.03,619.55,618.03,619.90,619.27,619.39,619.05
22 Jun 2021,620.00,619.75,619.33,620.00,619.67,619.72,619.39
23 Jun 2021,620.00,620.20,619.70,621.40,620.17,620.17,619.72
24 Jun 2021,620.50,619.59,619.35,620.99,619.75,619.58,620.17
25 Jun 2021,617.00,618.95,617.00,620.00,618.60,618.70,619.58
26 Jun 2021,,,,,,,
27 Jun 2021,,,,,,,
28 Jun 2021,618.50,619.95,618.50,620.00,619.74,619.88,618.70
29 Jun 2021,617.60,619.55,617.60,619.75,619.34,619.52,619.88
30 Jun 2021,619.00,619.96,617.25,620.20,619.75,619.96,619.52
1 Jul 2021,619.50,619.57,619.05,625.00,619.62,619.51,619.96
2 Jul 2021,620.25,619.70,619.00,620.25,619.51,619.49,619.51
3 Jul 2021,,,,,,,
4 Jul 2021,,,,,,,
5 Jul 2021,618.55,620.20,618.55,620.98,619.87,620.02,619.49
6 Jul 2021,620.49,621.10,620.00,621.40,620.83,620.84,620.02
7 Jul 2021,619.50,621.80,619.50,622.00,621.67,621.81,620.84
8 Jul 2021,621.50,622.52,621.25,623.00,622.45,622.50,621.81
9 Jul 2021,619.51,620.75,619.01,623.25,621.89,621.38,622.50
10 Jul 2021,,,,,,,
11 Jul 2021,,,,,,,
12 Jul 2021,621.95,620.00,619.96,621.95,620.26,620.18,621.38
13 Jul 2021,620.10,619.25,618.01,620.10,619.01,619.10,620.18
14 Jul 2021,618.65,619.15,618.00,619.25,618.77,618.90,619.10
15 Jul 2021,619.10,619.98,618.00,620.25,619.78,619.91,618.90
16 Jul 2021,618.40,619.61,618.00,620.70,619.78,619.76,619.91
17 Jul 2021,,,,,,,
18 Jul 2021,,,,,,,
19 Jul 2021,619.76,619.75,619.50,620.75,619.82,619.75,619.76
20 Jul 2021,619.00,619.76,619.00,620.50,619.62,619.71,619.75
21 Jul 2021,619.60,619.80,619.21,621.00,619.80,619.74,619.71
22 Jul 2021,619.00,620.00,618.56,620.10,619.87,619.95,619.74
23 Jul 2021,620.00,620.75,619.50,621.00,620.35,620.44,619.95
24 Jul 2021,,,,,,,
25 Jul 2021,,,,,,,
26 Jul 2021,0.00,0.00,0.00,0.00,0.00,0.00,620.44
27 Jul 2021,619.45,620.85,619.30,620.95,620.59,620.75,620.44
28 Jul 2021,619.51,621.30,619.50,621.65,621.11,621.09,620.75
29 Jul 2021,621.15,621.85,620.57,622.00,621.71,621.79,621.09
30 Jul 2021,621.50,621.70,620.80,622.50,621.54,621.47,621.79
31 Jul 2021,,,,,,,
1 Ago 2021,,,,,,,
2 Ago 2021,0.00,0.00,0.00,0.00,0.00,0.00,621.47
3 Ago 2021,621.01,621.50,620.15,621.85,621.32,621.49,621.47
4 Ago 2021,621.00,622.00,621.00,622.25,621.93,621.98,621.49
5 Ago 2021,621.00,621.80,620.01,623.00,621.56,621.63,621.98
6 Ago 2021,622.00,622.30,621.00,622.50,621.95,622.12,621.63
7 Ago 2021,,,,,,,
8 Ago 2021,,,,,,,
9 Ago 2021,622.00,622.50,621.50,622.97,622.36,622.48,622.12
10 Ago 2021,622.49,622.95,622.49,623.25,622.78,622.85,622.48
11 Ago 2021,623.00,623.00,621.25,623.70,622.78,622.88,622.85
12 Ago 2021,622.99,621.95,621.40,622.99,621.83,621.74,622.88
13 Ago 2021,621.50,620.65,618.25,621.74,620.29,620.24,621.74
14 Ago 2021,,,,,,,
15 Ago 2021,,,,,,,
16 Ago 2021,619.25,620.85,619.20,621.75,620.34,620.62,620.24
17 Ago 2021,621.00,620.99,620.50,621.50,620.97,620.98,620.62
18 Ago 2021,620.50,621.00,620.02,621.35,620.94,620.97,620.98
19 Ago 2021,621.00,621.30,620.76,621.50,621.24,621.27,620.97
20 Ago 2021,621.50,621.90,621.01,622.00,621.70,621.79,621.27
21 Ago 2021,,,,,,,
22 Ago 2021,,,,,,,
23 Ago 2021,621.50,622.45,621.50,622.50,622.36,622.38,621.79
24 Ago 2021,622.05,623.35,622.05,623.49,623.33,623.36,622.38
25 Ago 2021,623.50,624.04,623.36,624.14,623.91,623.97,623.36
26 Ago 2021,625.00,623.75,623.50,628.00,624.36,623.91,623.97
27 Ago 2021,623.99,624.04,623.60,624.35,624.04,624.03,623.91
28 Ago 2021,,,,,,,
29 Ago 2021,,,,,,,
30 Ago 2021,624.00,625.00,622.60,625.15,624.51,624.87,624.03
31 Ago 2021,625.00,625.60,624.82,625.95,625.37,625.56,624.87
1 Set 2021,626.00,625.75,625.00,626.49,625.56,625.61,625.56
2 Set 2021,625.10,625.70,625.00,626.47,625.60,625.58,625.61
3 Set 2021,625.00,625.75,625.00,626.00,625.54,625.61,625.58
4 Set 2021,,,,,,,
5 Set 2021,,,,,,,
6 Set 2021,625.00,626.31,625.00,626.49,626.00,626.15,625.61
7 Set 2021,626.00,626.80,624.52,627.50,626.71,626.73,626.15
8 Set 2021,624.60,628.50,624.56,628.99,627.60,627.48,626.73
9 Set 2021,628.00,627.25,625.00,631.00,629.15,628.83,627.48
10 Set 2021,629.00,627.00,626.72,629.00,627.37,627.22,628.83
11 Set 2021,,,,,,,
12 Set 2021,,,,,,,
13 Set 2021,0.00,0.00,0.00,0.00,0.00,0.00,627.22
14 Set 2021,627.00,626.00,625.26,627.00,625.69,625.66,627.22
15 Set 2021,627.00,625.80,625.20,627.00,625.80,625.79,625.66
16 Set 2021,625.60,625.25,625.01,625.94,625.63,625.58,625.79
17 Set 2021,626.00,625.35,625.05,626.00,625.28,625.25,625.58
18 Set 2021,,,,,,,
19 Set 2021,,,,,,,
20 Set 2021,625.45,625.55,625.00,625.85,625.43,625.48,625.25
21 Set 2021,626.00,626.55,625.25,626.85,626.26,626.47,625.48
22 Set 2021,627.00,627.00,623.00,627.45,626.85,626.86,626.47
23 Set 2021,622.00,627.59,622.00,627.99,627.45,627.54,626.86
24 Set 2021,626.10,627.75,625.15,628.00,627.38,627.56,627.54
25 Set 2021,,,,,,,
26 Set 2021,,,,,,,
27 Set 2021,627.75,627.40,627.25,628.00,627.41,627.38,627.56
28 Set 2021,626.50,627.90,626.50,628.20,627.52,627.66,627.38
29 Set 2021,627.96,628.75,627.80,628.90,628.53,628.65,627.66
30 Set 2021,627.10,628.40,627.10,629.50,628.56,628.49,628.65
1 Oct 2021,628.60,628.00,625.90,628.90,627.97,627.95,628.49
2 Oct 2021,,,,,,,
3 Oct 2021,,,,,,,
4 Oct 2021,627.65,627.31,627.00,627.90,627.36,627.36,627.95
5 Oct 2021,628.50,628.70,627.00,629.00,628.24,628.58,627.36
6 Oct 2021,628.10,628.95,628.00,629.25,628.79,628.80,628.58
7 Oct 2021,628.95,629.35,628.00,629.35,629.04,629.17,628.80
8 Oct 2021,629.20,629.95,629.20,629.98,629.66,629.72,629.17
9 Oct 2021,,,,,,,
10 Oct 2021,,,,,,,
11 Oct 2021,629.80,630.00,629.60,631.50,630.06,630.02,629.72
12 Oct 2021,628.50,630.50,628.50,631.69,630.39,630.45,630.02
13 Oct 2021,629.00,630.45,629.00,630.47,630.12,630.19,630.45
14 Oct 2021,629.00,630.50,629.00,630.90,630.19,630.26,630.19
15 Oct 2021,630.00,630.40,629.42,631.00,630.35,630.40,630.26
16 Oct 2021,,,,,,,
17 Oct 2021,,,,,,,
18 Oct 2021,630.66,630.45,629.50,630.99,630.54,630.54,630.40
19 Oct 2021,630.00,630.90,630.00,631.00,630.75,630.86,630.54
20 Oct 2021,627.00,631.75,627.00,632.50,631.45,631.75,630.86
21 Oct 2021,632.48,633.20,631.90,633.25,632.76,632.87,631.75
22 Oct 2021,632.00,633.60,632.00,634.00,633.47,633.52,632.87
23 Oct 2021,,,,,,,
24 Oct 2021,,,,,,,
25 Oct 2021,634.00,634.65,633.98,635.50,634.42,634.54,633.52
26 Oct 2021,634.80,636.55,634.52,636.55,635.53,635.86,634.54
27 Oct 2021,637.00,640.30,635.00,641.95,639.94,640.40,635.86
28 Oct 2021,640.50,640.30,635.00,643.49,638.84,638.44,640.40
29 Oct 2021,640.00,640.85,638.00,641.45,640.49,640.73,638.44
30 Oct 2021,,,,,,,
31 Oct 2021,,,,,,,
1 Nov 2021,640.50,640.75,634.50,641.60,640.50,640.88,640.73
2 Nov 2021,640.50,640.90,640.35,642.00,641.23,641.23,640.88
3 Nov 2021,639.00,642.00,639.00,642.79,641.92,641.99,641.23
4 Nov 2021,641.00,641.97,641.00,642.50,641.95,641.96,641.99
5 Nov 2021,641.50,642.35,640.00,643.50,642.24,642.30,641.96
6 Nov 2021,,,,,,,
7 Nov 2021,,,,,,,
8 Nov 2021,642.50,643.00,642.50,643.35,642.92,642.95,642.30
9 Nov 2021,643.00,643.65,642.50,643.75,643.50,643.56,642.95
10 Nov 2021,640.01,644.00,640.00,644.00,643.66,643.80,643.56
11 Nov 2021,644.50,644.15,643.15,644.75,644.02,644.07,643.80
12 Nov 2021,642.57,643.15,642.57,644.50,643.71,643.43,644.07
13 Nov 2021,,,,,,,
14 Nov 2021,,,,,,,
15 Nov 2021,643.10,639.89,638.00,643.40,640.23,639.71,643.43
16 Nov 2021,640.00,640.65,639.05,641.00,640.27,640.35,639.71
17 Nov 2021,640.00,639.90,639.50,642.15,640.02,639.88,640.35
18 Nov 2021,639.10,639.05,638.50,639.90,639.06,639.03,639.88
19 Nov 2021,638.50,638.25,638.01,638.95,638.45,638.42,639.03
20 Nov 2021,,,,,,,
21 Nov 2021,,,,,,,
22 Nov 2021,638.15,638.15,638.00,639.00,638.30,638.27,638.42
23 Nov 2021,638.10,638.00,637.81,638.14,637.99,637.99,638.27
24 Nov 2021,637.60,635.57,635.40,638.25,636.20,635.96,637.99
25 Nov 2021,635.74,630.00,629.00,635.89,630.42,629.91,635.96
26 Nov 2021,630.00,630.25,629.55,630.75,630.02,630.01,629.91
27 Nov 2021,,,,,,,
28 Nov 2021,,,,,,,
29 Nov 2021,0.00,0.00,0.00,0.00,0.00,0.00,630.01
30 Nov 2021,631.00,632.15,630.02,632.20,631.23,631.50,630.01
1 Dic 2021,630.00,632.25,630.00,634.00,632.25,632.10,631.50
2 Dic 2021,632.00,633.17,632.00,633.50,632.68,632.85,632.10
3 Dic 2021,631.50,635.95,631.50,639.00,634.86,635.01,632.85
4 Dic 2021,,,,,,,
5 Dic 2021,,,,,,,
6 Dic 2021,635.00,638.30,635.00,638.50,637.53,637.98,635.01
7 Dic 2021,638.00,641.00,637.55,642.00,640.48,640.82,637.98
8 Dic 2021,641.00,640.90,635.50,643.49,640.91,640.83,640.82
9 Dic 2021,641.00,640.04,640.00,644.00,640.49,640.10,640.83
10 Dic 2021,640.00,639.21,635.10,641.50,639.34,639.18,640.10
11 Dic 2021,,,,,,,
12 Dic 2021,,,,,,,
13 Dic 2021,634.00,640.00,634.00,640.95,639.19,639.53,639.18
14 Dic 2021,640.00,641.01,640.00,642.00,641.11,641.13,639.53
15 Dic 2021,640.75,639.25,638.90,641.00,639.47,639.22,641.13
16 Dic 2021,638.50,638.50,638.07,639.49,638.79,638.62,639.22
17 Dic 2021,638.50,638.65,638.50,641.00,639.10,638.95,638.62
18 Dic 2021,,,,,,,
19 Dic 2021,,,,,,,
20 Dic 2021,639.00,642.30,639.00,643.50,641.54,641.58,638.95
21 Dic 2021,640.00,644.75,640.00,646.00,644.61,644.76,641.58
22 Dic 2021,643.99,643.70,642.00,646.00,643.84,643.74,644.76
23 Dic 2021,644.49,643.01,637.20,644.50,642.79,642.85,643.74
24 Dic 2021,643.50,641.90,641.00,643.50,641.59,641.45,642.85
25 Dic 2021,,,,,,,
26 Dic 2021,,,,,,,
27 Dic 2021,639.50,642.76,639.01,643.45,642.26,642.35,641.45
28 Dic 2021,642.05,642.50,642.05,644.00,642.58,642.51,642.35
29 Dic 2021,640.00,642.50,639.00,644.00,642.71,642.66,642.51
30 Dic 2021,641.01,642.00,641.01,643.80,642.60,642.34,642.66
31 Dic 2021,0.00,0.00,0.00,0.00,0.00,0.00,642.34
1 Ene 2022,,,,,,,
2 Ene 2022,,,,,,,
3 Ene 2022,641.02,643.05,641.02,644.50,643.70,643.31,642.34
4 Ene 2022,647.99,642.55,642.50,647.99,642.91,642.72,643.31
5 Ene 2022,645.00,642.99,640.00,645.90,643.24,643.18,642.72
6 Ene 2022,643.80,642.90,642.80,644.50,643.36,643.19,643.18
7 Ene 2022,641.26,642.10,640.00,644.00,641.59,641.85,643.19
8 Ene 2022,,,,,,,
9 Ene 2022,,,,,,,
10 Ene 2022,642.00,640.00,639.99,642.00,640.50,640.27,641.85
11 Ene 2022,639.99,637.70,637.50,639.99,637.83,637.70,640.27
12 Ene 2022,635.30,636.06,635.30,636.50,636.05,636.04,637.70
13 Ene 2022,635.01,635.30,634.61,636.00,635.10,635.09,636.04
14 Ene 2022,634.67,634.30,633.15,635.00,634.03,634.07,635.09
15 Ene 2022,,,,,,,
16 Ene 2022,,,,,,,
17 Ene 2022,638.00,633.45,633.05,638.00,633.58,633.47,634.07
18 Ene 2022,633.00,634.10,633.00,635.00,633.83,633.92,633.47
19 Ene 2022,634.10,635.35,634.10,635.49,634.95,635.13,633.92
20 Ene 2022,635.01,637.80,635.00,638.00,637.02,637.47,635.13
21 Ene 2022,637.90,639.01,636.75,640.00,638.88,638.95,637.47
22 Ene 2022,,,,,,,
23 Ene 2022,,,,,,,
24 Ene 2022,639.00,641.89,639.00,644.00,641.80,641.93,638.95
25 Ene 2022,642.00,642.25,642.00,644.90,643.17,642.60,641.93
26 Ene 2022,642.00,644.70,642.00,644.70,643.35,643.69,642.60
27 Ene 2022,643.00,644.20,643.00,645.73,644.33,644.15,643.69
28 Ene 2022,644.00,644.85,638.01,645.00,644.30,644.39,644.15
29 Ene 2022,,,,,,,
30 Ene 2022,,,,,,,
31 Ene 2022,641.00,647.50,641.00,647.90,645.85,646.77,644.39
1 Feb 2022,646.00,646.50,643.50,646.69,645.29,645.82,646.77
2 Feb 2022,644.10,645.75,644.00,648.00,646.71,646.30,645.82
3 Feb 2022,647.60,645.90,645.00,647.60,645.65,645.64,646.30
4 Feb 2022,645.00,646.00,644.61,647.00,645.41,645.44,645.64
5 Feb 2022,,,,,,,
6 Feb 2022,,,,,,,
7 Feb 2022,645.00,645.40,641.00,646.74,645.38,645.44,645.44
8 Feb 2022,644.50,645.50,644.50,646.00,645.39,645.47,645.44
9 Feb 2022,645.50,645.55,645.00,645.75,645.38,645.47,645.47
10 Feb 2022,645.50,644.30,643.75,645.50,644.43,644.35,645.47
11 Feb 2022,643.00,642.47,640.00,643.09,642.43,642.47,644.35
12 Feb 2022,,,,,,,
13 Feb 2022,,,,,,,
14 Feb 2022,639.25,640.75,639.02,642.00,640.68,640.75,642.47
15 Feb 2022,639.07,641.90,639.05,641.95,641.23,641.57,640.75
16 Feb 2022,641.00,641.55,640.05,641.80,640.92,641.23,641.57
17 Feb 2022,645.00,641.00,639.50,645.00,641.05,641.02,641.23
18 Feb 2022,639.25,641.70,639.20,642.00,641.38,641.52,641.02
19 Feb 2022,,,,,,,
20 Feb 2022,,,,,,,
21 Feb 2022,642.00,642.48,641.99,643.50,642.53,642.50,641.52
22 Feb 2022,642.50,643.24,642.50,644.00,643.25,643.25,642.50
23 Feb 2022,643.24,644.00,643.00,644.15,643.98,643.99,643.25
24 Feb 2022,644.00,645.30,644.00,645.35,644.80,644.97,643.99
25 Feb 2022,645.00,645.25,644.50,646.10,645.13,645.09,644.97
26 Feb 2022,,,,,,,
27 Feb 2022,,,,,,,
28 Feb 2022,644.99,645.15,643.00,645.50,644.77,644.95,645.09
29 Feb 2022,,,,,,,
1 Mar 2022,644.00,645.55,644.00,646.00,644.91,645.18,644.95
2 Mar 2022,644.25,646.70,644.25,649.00,646.45,646.43,645.18
3 Mar 2022,647.50,648.50,646.50,648.70,648.07,648.28,646.43
4 Mar 2022,649.95,650.95,649.50,653.00,650.48,650.66,648.28
5 Mar 2022,,,,,,,
6 Mar 2022,,,,,,,
7 Mar 2022,652.50,652.50,651.20,652.75,652.45,652.49,650.66
8 Mar 2022,653.75,654.75,653.66,655.00,654.47,654.56,652.49
9 Mar 2022,654.00,653.55,652.35,654.74,653.47,653.50,654.56
10 Mar 2022,652.50,651.76,651.65,654.00,652.13,651.97,653.50
11 Mar 2022,650.50,647.70,647.00,651.50,648.17,647.67,651.97
12 Mar 2022,,,,,,,
13 Mar 2022,,,,,,,
14 Mar 2022,646.25,644.20,642.05,646.25,643.30,643.09,647.67
15 Mar 2022,640.10,643.50,640.10,645.50,641.75,642.27,643.09
16 Mar 2022,641.00,646.00,641.00,646.00,644.38,644.94,642.27
17 Mar 2022,644.95,648.65,644.95,648.65,647.95,648.20,644.94
18 Mar 2022,649.90,651.00,647.90,652.00,650.59,650.70,648.20
19 Mar 2022,,,,,,,
20 Mar 2022,,,,,,,
21 Mar 2022,652.00,653.30,650.00,653.50,652.95,653.18,650.70
22 Mar 2022,654.50,655.85,654.50,657.00,655.74,655.81,653.18
23 Mar 2022,656.50,658.00,655.00,658.00,657.38,657.54,655.81
24 Mar 2022,660.97,659.20,657.25,660.97,658.89,659.00,657.54
25 Mar 2022,656.00,660.99,656.00,660.99,660.39,660.77,659.00
26 Mar 2022,,,,,,,
27 Mar 2022,,,,,,,
28 Mar 2022,659.00,661.90,659.00,662.00,661.57,661.83,660.77
29 Mar 2022,658.01,664.55,658.01,665.96,663.73,664.21,661.83
30 Mar 2022,658.00,665.97,656.00,666.00,664.63,665.67,664.21
31 Mar 2022,667.00,667.15,663.00,668.00,666.97,667.04,665.67
1 Abr 2022,666.95,662.25,657.50,668.00,664.24,663.02,667.04
2 Abr 2022,,,,,,,
3 Abr 2022,,,,,,,
4 Abr 2022,661.21,660.70,658.25,661.90,659.98,660.31,663.02
5 Abr 2022,662.50,661.75,658.15,662.50,660.22,660.61,660.31
6 Abr 2022,655.00,660.60,655.00,662.00,660.80,660.63,660.61
7 Abr 2022,661.00,659.05,658.95,661.99,659.51,659.29,660.63
8 Abr 2022,659.00,655.75,651.05,659.00,655.51,655.20,659.29
9 Abr 2022,,,,,,,
10 Abr 2022,,,,,,,
11 Abr 2022,0.00,0.00,0.00,0.00,0.00,0.00,655.20
12 Abr 2022,656.00,655.70,652.55,656.00,654.00,654.42,655.20
13 Abr 2022,650.51,655.55,650.50,655.75,654.38,654.98,654.42
14 Abr 2022,0.00,0.00,0.00,0.00,0.00,0.00,654.98
15 Abr 2022,0.00,0.00,0.00,0.00,0.00,0.00,654.98
16 Abr 2022,,,,,,,
17 Abr 2022,,,,,,,
18 Abr 2022,655.99,655.75,654.78,656.00,655.55,655.66,654.98
19 Abr 2022,654.02,657.55,654.01,657.75,657.01,657.27,655.66
20 Abr 2022,657.15,661.45,657.15,662.00,660.11,660.83,657.27
21 Abr 2022,659.10,660.00,659.00,664.99,663.25,663.56,660.83
22 Abr 2022,658.20,664.68,658.20,665.44,664.10,664.48,663.56
23 Abr 2022,,,,,,,
24 Abr 2022,,,,,,,
25 Abr 2022,665.00,665.24,664.50,666.00,665.20,665.21,664.48
26 Abr 2022,660.20,666.24,660.20,666.95,665.73,666.00,665.21
27 Abr 2022,664.11,667.60,664.11,667.85,667.10,667.14,666.00
28 Abr 2022,668.50,668.55,667.00,669.15,668.38,668.52,667.14
29 Abr 2022,668.55,668.99,665.00,670.99,668.81,668.95,668.52
30 Abr 2022,,,,,,,
1 May 2022,,,,,,,
2 May 2022,667.25,668.00,667.25,669.90,668.36,668.03,668.95
3 May 2022,669.00,667.50,667.39,669.00,667.60,667.54,668.03
4 May 2022,670.00,668.15,666.00,670.00,667.74,667.82,667.54
5 May 2022,661.01,670.00,661.01,671.00,669.88,670.00,667.82
6 May 2022,671.00,670.90,670.55,672.99,671.47,671.40,670.00
7 May 2022,,,,,,,
8 May 2022,,,,,,,
9 May 2022,671.70,671.40,670.00,673.00,671.51,671.36,671.40
10 May 2022,671.50,673.45,671.25,673.45,672.83,673.01,671.36
11 May 2022,672.00,675.49,671.60,675.50,674.71,674.82,673.01
12 May 2022,679.00,674.48,672.00,679.00,675.35,674.46,674.82
13 May 2022,674.99,673.80,672.90,674.99,673.77,673.42,674.46
14 May 2022,,,,,,,
15 May 2022,,,,,,,
16 May 2022,670.18,673.25,670.18,673.25,672.72,672.98,673.42
17 May 2022,672.51,674.35,672.51,677.00,673.75,673.86,672.98
18 May 2022,674.02,675.25,674.00,676.00,675.11,675.36,673.86
19 May 2022,674.36,677.15,674.35,677.65,677.07,677.23,675.36
20 May 2022,679.00,678.45,675.01,680.00,678.70,678.37,677.23
21 May 2022,,,,,,,
22 May 2022,,,,,,,
23 May 2022,679.90,678.95,677.00,680.25,679.35,679.25,678.37
24 May 2022,680.49,679.75,679.00,681.10,679.87,679.70,679.25
25 May 2022,681.25,681.55,679.00,682.00,680.41,680.61,679.70
26 May 2022,674.00,682.50,673.00,682.51,681.45,681.74,680.61
27 May 2022,681.10,684.70,681.10,685.25,683.58,684.38,681.74
28 May 2022,,,,,,,
29 May 2022,,,,,,,
30 May 2022,684.00,688.25,684.00,692.00,688.45,688.43,684.38
31 May 2022,684.50,691.90,681.00,692.00,688.42,688.51,688.43
1 Jun 2022,685.10,693.30,685.01,693.99,690.50,692.24,688.51
2 Jun 2022,689.00,692.51,689.00,695.50,692.25,692.33,692.24
3 Jun 2022,688.00,687.99,686.01,688.00,687.90,687.99,692.33
4 Jun 2022,,,,,,,
5 Jun 2022,,,,,,,
6 Jun 2022,685.02,685.90,685.01,686.00,685.89,685.96,687.99
7 Jun 2022,687.95,687.75,685.00,688.00,687.17,687.11,685.96
8 Jun 2022,688.00,692.10,687.10,694.00,690.23,690.36,687.11
9 Jun 2022,687.40,687.50,687.10,687.50,687.42,687.47,690.36
10 Jun 2022,687.00,685.86,683.00,687.00,685.83,685.93,687.47
11 Jun 2022,,,,,,,
12 Jun 2022,,,,,,,
13 Jun 2022,686.00,686.25,685.00,686.30,686.06,686.26,685.93
14 Jun 2022,682.01,686.90,681.00,686.90,686.43,686.87,686.26
15 Jun 2022,685.01,689.75,685.01,689.76,688.24,688.76,686.87
16 Jun 2022,690.00,692.15,689.05,692.15,691.15,691.48,688.76
17 Jun 2022,694.00,694.50,688.26,695.00,693.97,694.43,691.48
18 Jun 2022,,,,,,,
19 Jun 2022,,,,,,,
20 Jun 2022,694.00,695.75,692.12,697.00,695.53,696.17,694.43
21 Jun 2022,696.00,696.75,696.00,697.70,696.92,696.76,696.17
22 Jun 2022,697.00,696.49,695.00,697.00,696.42,696.44,696.76
23 Jun 2022,689.00,695.60,689.00,697.00,695.51,695.53,696.44
24 Jun 2022,689.00,693.00,688.10,695.00,693.06,692.96,695.53
25 Jun 2022,,,,,,,
26 Jun 2022,,,,,,,
27 Jun 2022,687.01,691.90,687.01,692.95,691.82,691.90,692.96
28 Jun 2022,691.25,691.00,690.80,692.00,691.04,690.93,691.90
29 Jun 2022,690.00,690.55,689.20,691.00,690.12,690.16,690.93
30 Jun 2022,694.00,692.00,690.00,694.00,691.75,691.92,690.16
1 Jul 2022,692.00,692.70,691.50,693.00,692.50,692.64,691.92
2 Jul 2022,,,,,,,
3 Jul 2022,,,,,,,
4 Jul 2022,690.25,692.95,690.25,694.00,693.23,693.01,692.64
5 Jul 2022,693.00,693.45,692.00,693.99,693.33,693.34,693.01
6 Jul 2022,693.00,693.45,693.00,695.01,693.71,693.47,693.34
7 Jul 2022,686.50,691.70,686.01,693.49,691.72,691.66,693.47
8 Jul 2022,692.95,690.90,690.05,692.95,691.05,690.96,691.66
9 Jul 2022,,,,,,,
10 Jul 2022,,,,,,,
11 Jul 2022,689.50,687.60,685.00,691.95,688.49,687.98,690.96
12 Jul 2022,686.00,688.05,686.00,688.05,687.26,687.65,687.98
13 Jul 2022,686.00,683.92,681.01,687.50,684.46,683.98,687.65
14 Jul 2022,680.50,682.62,680.50,686.00,682.58,682.60,683.98
15 Jul 2022,685.99,681.30,681.00,685.99,681.42,681.29,682.60
16 Jul 2022,,,,,,,
17 Jul 2022,,,,,,,
18 Jul 2022,681.50,677.30,675.01,681.50,678.31,677.52,681.29
19 Jul 2022,677.00,676.00,675.00,677.00,675.68,675.66,677.52
20 Jul 2022,671.00,675.10,670.50,675.50,674.94,675.11,675.66
21 Jul 2022,675.00,674.85,674.20,675.75,675.03,674.91,675.11
22 Jul 2022,675.10,675.02,674.00,675.50,674.80,674.84,674.91
23 Jul 2022,,,,,,,
24 Jul 2022,,,,,,,
25 Jul 2022,0.00,0.00,0.00,0.00,0.00,0.00,674.84
26 Jul 2022,675.00,673.60,670.00,676.00,674.07,673.78,674.84
27 Jul 2022,675.00,673.15,672.01,675.00,673.05,673.08,673.78
28 Jul 2022,674.00,672.05,671.93,674.00,672.14,672.02,673.08
29 Jul 2022,672.00,672.50,671.06,673.00,672.06,672.28,672.02
30 Jul 2022,,,,,,,
31 Jul 2022,,,,,,,
1 Ago 2022,673.00,672.00,671.96,673.00,672.11,672.01,672.28
2 Ago 2022,0.00,0.00,0.00,0.00,0.00,0.00,672.01
3 Ago 2022,675.00,672.08,671.95,675.00,672.06,672.04,672.01
4 Ago 2022,672.50,672.80,671.00,672.85,672.26,672.34,672.04
5 Ago 2022,673.00,673.65,672.00,673.70,673.24,673.48,672.34
6 Ago 2022,,,,,,,
7 Ago 2022,,,,,,,
8 Ago 2022,673.15,674.20,673.10,675.90,674.05,674.07,673.48
9 Ago 2022,672.00,674.85,672.00,675.00,674.64,674.73,674.07
10 Ago 2022,675.00,674.80,674.50,675.00,674.79,674.77,674.73
11 Ago 2022,672.50,672.00,671.50,674.70,672.87,672.43,674.77
12 Ago 2022,672.50,668.00,667.00,672.50,667.84,667.54,672.43
13 Ago 2022,,,,,,,
14 Ago 2022,,,,,,,
15 Ago 2022,0.00,0.00,0.00,0.00,0.00,0.00,667.54
16 Ago 2022,664.50,664.39,664.00,666.00,664.62,664.44,667.54
17 Ago 2022,658.00,660.22,655.00,664.10,660.09,660.20,664.44
18 Ago 2022,656.51,655.60,655.49,658.00,656.15,655.93,660.20
19 Ago 2022,656.00,650.85,650.01,656.00,650.91,650.85,655.93
20 Ago 2022,,,,,,,
21 Ago 2022,,,,,,,
22 Ago 2022,645.15,645.05,644.90,647.40,645.09,644.99,650.85
23 Ago 2022,644.01,640.30,640.00,644.10,640.57,640.48,644.99
24 Ago 2022,639.50,636.40,635.50,639.50,636.22,635.96,640.48
25 Ago 2022,636.00,638.10,633.10,638.75,636.17,637.41,635.96
26 Ago 2022,637.00,644.53,637.00,645.00,643.57,644.03,637.41
27 Ago 2022,,,,,,,
28 Ago 2022,,,,,,,
29 Ago 2022,645.05,647.30,644.05,648.00,646.80,647.24,644.03
30 Ago 2022,645.00,654.55,645.00,655.00,652.61,653.36,647.24
31 Ago 2022,655.00,658.95,655.00,659.00,658.05,658.40,653.36
1 Set 2022,656.00,661.25,656.00,664.50,661.83,662.38,658.40
2 Set 2022,668.00,661.85,660.00,668.00,662.11,661.89,662.38
3 Set 2022,,,,,,,
4 Set 2022,,,,,,,
5 Set 2022,665.00,661.80,660.15,665.00,661.90,661.86,661.89
6 Set 2022,661.50,660.66,658.51,662.00,660.85,660.82,661.86
7 Set 2022,656.10,654.95,654.95,660.00,656.49,655.77,660.82
8 Set 2022,655.00,649.75,648.10,655.00,649.97,649.78,655.77
9 Set 2022,649.00,642.72,642.00,649.00,642.88,642.79,649.78
10 Set 2022,,,,,,,
11 Set 2022,,,,,,,
12 Set 2022,636.00,638.25,635.00,638.99,637.11,637.67,642.79
13 Set 2022,633.02,635.35,633.02,635.99,635.14,635.23,637.67
14 Set 2022,638.50,635.30,632.75,638.50,635.10,635.09,635.23
15 Set 2022,634.01,632.90,632.00,634.99,633.25,633.07,635.09
16 Set 2022,630.00,636.51,630.00,637.00,634.41,635.39,633.07
17 Set 2022,,,,,,,
18 Set 2022,,,,,,,
19 Set 2022,0.00,0.00,0.00,0.00,0.00,0.00,635.39
20 Set 2022,635.10,635.00,634.00,636.00,634.92,635.00,635.39
21 Set 2022,635.00,636.00,634.30,636.15,635.81,635.96,635.00
22 Set 2022,638.00,637.90,636.55,638.10,637.74,637.84,635.96
23 Set 2022,639.00,639.99,638.20,641.00,639.36,639.62,637.84
24 Set 2022,,,,,,,
25 Set 2022,,,,,,,
26 Set 2022,639.00,640.45,637.00,642.25,640.94,640.68,639.62
27 Set 2022,640.00,637.70,637.01,642.00,639.21,638.79,640.68
28 Set 2022,638.00,631.50,630.00,638.00,631.31,631.27,638.79
29 Set 2022,631.00,630.20,627.00,631.00,628.92,629.37,631.27
30 Set 2022,630.00,629.20,626.20,630.00,628.74,629.11,629.37
1 Oct 2022,,,,,,,
2 Oct 2022,,,,,,,
3 Oct 2022,630.00,632.00,629.75,633.01,631.74,632.21,629.11
4 Oct 2022,631.00,636.00,631.00,636.55,635.78,635.93,632.21
5 Oct 2022,636.00,639.65,636.00,639.95,639.23,639.57,635.93
6 Oct 2022,639.70,638.95,638.70,642.00,639.47,639.17,639.57
7 Oct 2022,638.50,636.00,636.00,638.50,636.74,636.44,639.17
8 Oct 2022,,,,,,,
9 Oct 2022,,,,,,,
10 Oct 2022,635.80,631.45,631.00,635.80,631.90,631.61,636.44
11 Oct 2022,631.00,630.00,629.50,631.90,630.11,630.02,631.61
12 Oct 2022,631.00,624.50,624.15,631.00,624.74,624.57,630.02
13 Oct 2022,622.75,620.05,619.75,622.75,620.12,619.97,624.57
14 Oct 2022,617.00,617.70,616.40,619.90,617.75,617.91,619.97
15 Oct 2022,,,,,,,
16 Oct 2022,,,,,,,
17 Oct 2022,619.00,620.50,617.21,621.00,619.52,619.97,617.91
18 Oct 2022,624.00,621.60,619.10,624.00,621.24,621.38,619.97
19 Oct 2022,625.90,624.80,623.50,626.00,624.89,624.89,621.38
20 Oct 2022,626.75,626.79,625.00,627.00,626.64,626.68,624.89
21 Oct 2022,625.10,628.00,625.10,628.65,627.95,628.13,626.68
22 Oct 2022,,,,,,,
23 Oct 2022,,,,,,,
24 Oct 2022,627.00,627.00,627.00,630.25,628.12,627.61,628.13
25 Oct 2022,625.01,625.65,625.01,628.00,626.14,626.09,627.61
26 Oct 2022,623.50,624.60,623.50,626.40,624.85,624.67,626.09
27 Oct 2022,624.00,621.20,621.01,624.00,621.80,621.53,624.67
28 Oct 2022,620.00,619.00,618.00,622.00,618.91,618.50,621.53
29 Oct 2022,,,,,,,
30 Oct 2022,,,,,,,
31 Oct 2022,619.50,619.95,619.00,620.25,619.48,619.36,618.50
1 Nov 2022,620.00,622.15,620.00,622.50,621.03,620.99,619.36
2 Nov 2022,621.20,625.10,621.20,625.15,624.10,624.70,620.99
3 Nov 2022,626.99,627.10,623.01,628.69,627.69,627.72,624.70
4 Nov 2022,627.00,625.00,623.35,627.00,624.41,624.34,627.72
5 Nov 2022,,,,,,,
6 Nov 2022,,,,,,,
7 Nov 2022,623.00,620.90,620.51,624.50,621.11,621.02,624.34
8 Nov 2022,620.00,618.09,617.80,620.00,618.04,617.97,621.02
9 Nov 2022,616.00,614.00,613.51,617.00,614.22,613.98,617.97
10 Nov 2022,612.00,614.00,610.00,616.50,612.77,613.38,613.98
11 Nov 2022,614.00,615.21,612.00,615.35,614.61,614.80,613.38
12 Nov 2022,,,,,,,
13 Nov 2022,,,,,,,
14 Nov 2022,616.00,614.50,612.00,617.00,615.38,615.25,614.80
15 Nov 2022,614.00,614.44,612.50,615.00,614.28,614.41,615.25
16 Nov 2022,612.50,613.00,612.50,615.99,613.88,613.87,614.41
17 Nov 2022,615.00,611.65,611.45,615.00,612.00,611.90,613.87
18 Nov 2022,610.00,611.00,609.50,611.99,610.74,610.92,611.90
19 Nov 2022,,,,,,,
20 Nov 2022,,,,,,,
21 Nov 2022,610.00,611.10,608.01,611.10,610.57,610.75,610.92
22 Nov 2022,608.00,611.05,608.00,611.50,610.99,611.07,610.75
23 Nov 2022,610.01,610.00,609.50,611.70,610.43,610.12,611.07
24 Nov 2022,611.50,607.50,606.00,611.50,608.08,607.73,610.12
25 Nov 2022,606.84,603.00,601.99,606.84,603.01,602.88,607.73
26 Nov 2022,,,,,,,
27 Nov 2022,,,,,,,
28 Nov 2022,600.00,601.94,596.50,602.00,600.83,601.16,602.88
29 Nov 2022,600.00,602.00,600.00,602.00,601.17,601.27,601.16
30 Nov 2022,601.00,604.23,600.58,604.29,603.58,604.00,601.27
1 Dic 2022,606.00,608.00,602.00,608.15,606.87,607.72,604.00
2 Dic 2022,601.00,605.20,601.00,610.50,607.69,606.60,607.72
3 Dic 2022,,,,,,,
4 Dic 2022,,,,,,,
5 Dic 2022,0.00,0.00,0.00,0.00,0.00,0.00,606.60
6 Dic 2022,602.00,601.00,600.50,605.00,601.82,601.31,606.60
7 Dic 2022,600.50,596.00,595.65,602.50,597.80,596.81,601.31
8 Dic 2022,595.00,593.30,591.00,595.75,593.24,593.13,596.81
9 Dic 2022,592.45,593.75,589.00,593.75,591.03,591.10,593.13
10 Dic 2022,,,,,,,
11 Dic 2022,,,,,,,
12 Dic 2022,591.50,597.00,591.50,597.85,596.03,596.52,591.10
13 Dic 2022,601.00,600.00,600.00,603.05,602.35,602.54,596.52
14 Dic 2022,605.00,595.45,593.50,605.00,597.56,596.17,602.54
15 Dic 2022,598.00,589.99,589.05,598.00,590.34,589.98,596.17
16 Dic 2022,591.00,590.01,590.00,593.50,591.47,590.92,589.98
17 Dic 2022,,,,,,,
18 Dic 2022,,,,,,,
19 Dic 2022,592.10,589.95,589.52,594.00,590.68,589.99,590.92
20 Dic 2022,592.50,588.40,588.01,592.50,589.24,588.96,589.99
21 Dic 2022,588.00,586.64,586.40,588.00,586.90,586.64,588.96
22 Dic 2022,585.50,584.30,584.00,589.00,585.56,585.07,586.64
23 Dic 2022,585.00,584.99,584.70,585.25,585.01,584.99,585.07
24 Dic 2022,,,,,,,
25 Dic 2022,,,,,,,
26 Dic 2022,585.00,584.94,584.41,586.00,584.95,584.87,584.99
27 Dic 2022,584.35,591.00,583.03,591.25,587.51,587.20,584.87
28 Dic 2022,593.00,597.72,591.20,598.00,596.76,597.30,587.20
29 Dic 2022,600.00,593.84,593.51,603.30,598.80,597.34,597.30
30 Dic 2022,0.00,0.00,0.00,0.00,0.00,0.00,597.34
31 Dic 2022,,,,,,,
1 Ene 2023,,,,,,,
2 Ene 2023,598.00,596.00,590.00,598.40,596.23,596.10,597.34
3 Ene 2023,592.50,596.37,592.00,597.55,596.64,596.54,596.10
4 Ene 2023,596.01,596.65,596.01,597.25,596.77,596.73,596.54
5 Ene 2023,595.00,593.55,593.10,596.00,594.19,593.93,596.73
6 Ene 2023,594.00,592.50,592.00,594.99,593.32,593.05,593.93
7 Ene 2023,,,,,,,
8 Ene 2023,,,,,,,
9 Ene 2023,592.50,587.98,587.51,593.00,589.58,588.79,593.05
10 Ene 2023,585.00,585.00,583.20,586.00,584.09,583.96,588.79
11 Ene 2023,583.50,583.00,582.50,584.00,583.03,582.98,583.96
12 Ene 2023,581.50,579.95,579.50,582.00,580.19,579.91,582.98
13 Ene 2023,576.00,574.01,570.00,578.00,573.89,573.98,579.91
14 Ene 2023,,,,,,,
15 Ene 2023,,,,,,,
16 Ene 2023,571.50,572.00,571.00,573.00,572.00,571.96,573.98
17 Ene 2023,569.01,570.00,568.52,570.51,570.05,570.02,571.96
18 Ene 2023,567.06,569.50,567.05,570.00,568.95,568.94,570.02
19 Ene 2023,568.00,567.70,567.50,569.75,567.77,567.69,568.94
20 Ene 2023,567.95,566.50,563.75,568.00,566.42,566.51,567.69
21 Ene 2023,,,,,,,
22 Ene 2023,,,,,,,
23 Ene 2023,565.00,565.90,565.00,566.50,566.13,566.11,566.51
24 Ene 2023,565.00,565.00,558.01,566.00,565.31,565.35,566.11
25 Ene 2023,565.99,563.20,561.00,565.99,563.99,563.45,565.35
26 Ene 2023,563.50,559.15,559.00,563.50,560.30,559.41,563.45
27 Ene 2023,559.00,556.50,553.50,560.00,554.94,555.12,559.41
28 Ene 2023,,,,,,,
29 Ene 2023,,,,,,,
30 Ene 2023,550.24,556.50,550.10,556.60,555.83,556.15,555.12
31 Ene 2023,552.00,558.41,552.00,558.41,557.23,557.37,556.15
1 Feb 2023,560.00,565.50,556.80,565.50,562.65,563.46,557.37
2 Feb 2023,565.00,569.10,564.10,571.00,569.56,569.65,563.46
3 Feb 2023,571.50,576.75,571.25,576.75,574.91,575.89,569.65
4 Feb 2023,,,,,,,
5 Feb 2023,,,,,,,
6 Feb 2023,577.00,581.65,577.00,582.45,581.08,581.62,575.89
7 Feb 2023,584.00,585.25,584.00,588.00,586.05,585.84,581.62
8 Feb 2023,587.00,583.90,583.20,587.00,583.97,583.93,585.84
9 Feb 2023,580.00,580.20,579.00,580.20,579.95,579.97,583.93
10 Feb 2023,576.24,576.98,572.00,579.00,576.94,576.95,579.97
11 Feb 2023,,,,,,,
12 Feb 2023,,,,,,,
13 Feb 2023,572.00,573.60,570.10,574.00,573.61,573.69,576.95
14 Feb 2023,570.00,568.70,567.01,570.50,568.81,568.83,573.69
15 Feb 2023,562.00,564.89,560.00,568.49,564.64,564.64,568.83
16 Feb 2023,560.00,562.79,560.00,563.75,562.55,562.64,564.64
17 Feb 2023,558.00,561.50,558.00,562.00,561.45,561.46,562.64
18 Feb 2023,,,,,,,
19 Feb 2023,,,,,,,
20 Feb 2023,560.00,560.95,560.00,561.25,560.92,560.95,561.46
21 Feb 2023,559.00,564.55,554.10,565.00,564.13,564.40,560.95
22 Feb 2023,566.00,564.50,564.10,566.00,564.60,564.54,564.40
23 Feb 2023,565.00,564.20,564.00,565.00,564.24,564.22,564.54
24 Feb 2023,558.00,563.46,558.00,564.00,563.33,563.40,564.22
25 Feb 2023,,,,,,,
26 Feb 2023,,,,,,,
27 Feb 2023,562.00,561.50,561.45,562.99,561.77,561.69,563.40
28 Feb 2023,561.50,560.50,560.00,561.50,560.53,560.51,561.69
29 Feb 2023,,,,,,,
1 Mar 2023,560.16,560.75,560.16,561.50,560.79,560.77,560.51
2 Mar 2023,561.00,558.25,557.00,561.00,558.96,558.32,560.77
3 Mar 2023,560.00,557.25,556.00,560.00,557.28,557.28,558.32
4 Mar 2023,,,,,,,
5 Mar 2023,,,,,,,
6 Mar 2023,555.25,554.60,553.00,555.75,554.86,554.81,557.28
7 Mar 2023,555.00,554.25,550.00,556.95,553.89,553.90,554.81
8 Mar 2023,552.90,551.90,550.01,552.90,551.96,551.94,553.90
9 Mar 2023,551.00,550.65,550.00,551.00,550.26,550.29,551.94
10 Mar 2023,554.95,550.10,549.90,554.95,550.06,550.03,550.29
11 Mar 2023,,,,,,,
12 Mar 2023,,,,,,,
13 Mar 2023,548.00,549.02,547.00,549.90,549.01,549.00,550.03
14 Mar 2023,548.00,548.90,548.00,548.95,548.87,548.90,549.00
15 Mar 2023,548.05,548.80,548.00,549.00,548.77,548.80,548.90
16 Mar 2023,548.49,546.80,543.00,548.50,547.03,546.84,548.80
17 Mar 2023,545.00,544.75,544.65,545.80,544.89,544.79,546.84
18 Mar 2023,,,,,,,
19 Mar 2023,,,,,,,
20 Mar 2023,544.01,544.70,544.01,544.90,544.66,544.64,544.79
21 Mar 2023,545.50,544.40,543.00,545.50,544.38,544.41,544.64
22 Mar 2023,544.00,544.80,544.00,545.00,544.50,544.53,544.41
23 Mar 2023,540.00,545.57,540.00,546.50,545.38,545.80,544.53
24 Mar 2023,546.00,546.66,546.00,547.00,546.67,546.68,545.80
25 Mar 2023,,,,,,,
26 Mar 2023,,,,,,,
27 Mar 2023,545.00,544.50,540.00,548.50,545.15,544.73,546.68
28 Mar 2023,538.00,545.00,538.00,545.00,544.66,544.71,544.73
29 Mar 2023,543.00,544.75,543.00,545.00,544.70,544.72,544.71
30 Mar 2023,537.50,543.94,537.50,544.50,543.76,543.86,544.72
31 Mar 2023,540.05,543.07,540.01,543.95,542.96,543.04,543.86
1 Abr 2023,,,,,,,
2 Abr 2023,,,,,,,
3 Abr 2023,543.00,542.49,541.98,543.49,542.50,542.48,543.04
4 Abr 2023,542.49,541.81,541.00,542.49,541.79,541.79,542.48
5 Abr 2023,535.50,541.01,535.50,541.99,541.25,541.25,541.79
6 Abr 2023,0.00,0.00,0.00,0.00,0.00,0.00,541.25
7 Abr 2023,0.00,0.00,0.00,0.00,0.00,0.00,541.25
8 Abr 2023,,,,,,,
9 Abr 2023,,,,,,,
10 Abr 2023,0.00,0.00,0.00,0.00,0.00,0.00,541.25
11 Abr 2023,540.00,540.50,539.50,540.99,540.51,540.51,541.25
12 Abr 2023,540.00,540.50,539.50,540.51,540.41,540.47,540.51
13 Abr 2023,539.25,539.90,539.25,539.95,539.73,539.74,540.47
14 Abr 2023,532.00,538.95,532.00,538.99,538.81,538.89,539.74
15 Abr 2023,,,,,,,
16 Abr 2023,,,,,,,
17 Abr 2023,538.00,538.05,538.00,538.40,538.07,538.04,538.89
18 Abr 2023,537.30,537.15,537.00,537.40,537.08,537.06,538.04
19 Abr 2023,536.25,536.30,536.00,537.50,536.28,536.26,537.06
20 Abr 2023,535.45,535.53,535.45,535.55,535.48,535.48,536.26
21 Abr 2023,534.02,535.00,534.01,535.99,534.67,534.72,535.48
22 Abr 2023,,,,,,,
23 Abr 2023,,,,,,,
24 Abr 2023,528.00,534.72,528.00,535.20,534.57,534.72,534.72
25 Abr 2023,534.50,539.50,534.28,539.50,537.21,538.21,534.72
26 Abr 2023,540.00,543.79,539.01,543.80,541.58,541.62,538.21
27 Abr 2023,540.25,547.40,540.00,547.50,546.05,546.56,541.62
28 Abr 2023,545.50,547.00,545.50,548.06,547.25,547.43,546.56
29 Abr 2023,,,,,,,
30 Abr 2023,,,,,,,
1 May 2023,0.00,0.00,0.00,0.00,0.00,0.00,547.43
2 May 2023,542.00,546.30,542.00,548.00,547.09,546.85,547.43
3 May 2023,545.00,546.00,545.00,546.00,545.88,545.89,546.85
4 May 2023,546.70,544.15,543.80,547.00,544.36,544.10,545.89
5 May 2023,545.50,543.25,541.50,545.50,542.88,542.99,544.10
6 May 2023,,,,,,,
7 May 2023,,,,,,,
8 May 2023,545.00,540.99,538.05,545.00,540.72,540.77,542.99
9 May 2023,540.52,540.60,537.51,541.00,540.52,540.54,540.77
10 May 2023,539.98,540.30,539.00,540.50,540.22,540.25,540.54
11 May 2023,539.00,540.15,539.00,540.70,539.99,539.99,540.25
12 May 2023,541.00,539.88,539.25,541.00,539.72,539.75,539.99
13 May 2023,,,,,,,
14 May 2023,,,,,,,
15 May 2023,537.00,539.58,537.00,540.00,539.44,539.51,539.75
16 May 2023,539.00,540.01,537.18,540.05,539.60,539.77,539.51
17 May 2023,542.00,539.95,539.26,542.00,539.85,539.86,539.77
18 May 2023,539.20,540.95,538.51,541.00,540.43,540.70,539.86
19 May 2023,539.33,541.20,539.10,541.25,540.99,541.13,540.70
20 May 2023,,,,,,,
21 May 2023,,,,,,,
22 May 2023,540.10,541.50,540.10,541.99,541.69,541.69,541.13
23 May 2023,541.00,541.62,539.90,542.25,541.67,541.69,541.69
24 May 2023,543.00,542.20,541.52,543.50,542.02,542.10,541.69
25 May 2023,543.00,545.60,541.00,546.00,544.08,544.91,542.10
26 May 2023,539.00,546.01,539.00,547.00,545.95,546.01,544.91
27 May 2023,,,,,,,
28 May 2023,,,,,,,
29 May 2023,545.00,545.00,544.00,546.50,544.94,544.99,546.01
30 May 2023,543.00,544.58,543.00,545.50,544.57,544.58,544.99
31 May 2023,541.00,544.01,541.00,544.50,544.05,544.04,544.58
1 Jun 2023,543.00,543.75,543.00,544.20,543.52,543.57,544.04
2 Jun 2023,542.00,543.16,542.00,543.20,542.94,543.04,543.57
3 Jun 2023,,,,,,,
4 Jun 2023,,,,,,,
5 Jun 2023,541.80,542.85,536.00,542.90,541.77,542.64,543.04
6 Jun 2023,541.30,542.85,541.30,542.95,542.52,542.74,542.64
7 Jun 2023,542.55,544.00,542.55,546.00,543.53,543.69,542.74
8 Jun 2023,544.00,545.10,543.11,545.20,544.89,544.94,543.69
9 Jun 2023,544.00,546.95,544.00,546.95,546.25,546.60,544.94
10 Jun 2023,,,,,,,
11 Jun 2023,,,,,,,
12 Jun 2023,547.00,546.95,546.15,548.00,546.87,546.89,546.60
13 Jun 2023,547.00,545.60,545.00,547.00,546.18,546.00,546.89
14 Jun 2023,544.00,544.81,544.00,545.30,544.90,544.90,546.00
15 Jun 2023,541.00,544.12,541.00,544.25,543.81,544.04,544.90
16 Jun 2023,545.50,543.60,542.05,545.50,543.64,543.68,544.04
17 Jun 2023,,,,,,,
18 Jun 2023,,,,,,,
19 Jun 2023,543.55,543.95,541.50,544.00,543.51,543.85,543.68
20 Jun 2023,544.00,544.85,543.90,545.00,544.75,544.82,543.85
21 Jun 2023,544.00,545.45,544.00,546.00,545.47,545.47,544.82
22 Jun 2023,545.36,545.95,545.00,546.00,545.78,545.86,545.47
23 Jun 2023,545.00,545.85,545.00,546.00,545.90,545.88,545.86
24 Jun 2023,,,,,,,
25 Jun 2023,,,,,,,
26 Jun 2023,543.00,547.00,539.00,547.49,546.55,546.85,545.88
27 Jun 2023,547.80,548.50,547.01,549.50,548.63,548.78,546.85
28 Jun 2023,547.10,548.00,544.00,549.00,548.20,548.24,548.78
29 Jun 2023,548.50,548.01,547.20,548.99,547.94,547.98,548.24
30 Jun 2023,542.00,548.15,540.01,548.77,547.33,547.59,547.98
1 Jul 2023,,,,,,,
2 Jul 2023,,,,,,,
3 Jul 2023,545.00,547.00,545.00,547.50,546.99,547.01,547.59
4 Jul 2023,540.00,548.00,539.05,548.30,547.45,547.72,547.01
5 Jul 2023,548.00,550.10,547.01,550.15,548.83,549.12,547.72
6 Jul 2023,546.00,552.50,546.00,554.25,553.10,553.53,549.12
7 Jul 2023,554.90,555.00,551.00,555.50,554.82,554.99,553.53
8 Jul 2023,,,,,,,
9 Jul 2023,,,,,,,
10 Jul 2023,547.62,552.40,547.62,556.15,554.47,553.59,554.99
11 Jul 2023,547.10,549.50,547.10,555.08,550.33,549.78,553.59
12 Jul 2023,548.00,547.10,546.20,549.49,547.03,546.86,549.78
13 Jul 2023,547.00,544.50,544.00,547.00,544.66,544.60,546.86
14 Jul 2023,539.00,541.65,539.00,544.98,541.98,541.85,544.60
15 Jul 2023,,,,,,,
16 Jul 2023,,,,,,,
17 Jul 2023,539.00,540.86,538.50,541.50,540.60,540.89,541.85
18 Jul 2023,541.00,540.90,540.00,542.50,541.17,540.97,540.89
19 Jul 2023,535.10,540.10,535.10,541.00,540.11,540.15,540.97
20 Jul 2023,540.01,541.00,540.01,543.95,541.06,541.00,540.15
21 Jul 2023,540.00,541.58,539.50,541.69,541.18,541.44,541.00
22 Jul 2023,,,,,,,
23 Jul 2023,,,,,,,
24 Jul 2023,0.00,0.00,0.00,0.00,0.00,0.00,541.44
25 Jul 2023,540.75,543.00,539.50,543.10,542.73,542.92,541.44
26 Jul 2023,543.16,544.86,543.10,545.09,544.63,544.82,542.92
27 Jul 2023,545.00,546.50,545.00,547.00,546.56,546.60,544.82
28 Jul 2023,546.50,547.21,546.00,547.50,547.05,547.21,546.60
29 Jul 2023,,,,,,,
30 Jul 2023,,,,,,,
31 Jul 2023,547.10,546.00,545.75,547.50,547.05,546.73,547.21
1 Ago 2023,547.00,546.00,545.75,547.00,546.00,545.86,546.73
2 Ago 2023,0.00,0.00,0.00,0.00,0.00,0.00,545.86
3 Ago 2023,546.00,543.80,543.05,546.00,544.01,543.88,545.86
4 Ago 2023,544.95,544.25,542.00,544.95,543.83,544.17,543.88
5 Ago 2023,,,,,,,
6 Ago 2023,,,,,,,
7 Ago 2023,544.50,541.52,540.02,544.50,541.95,541.71,544.17
8 Ago 2023,540.10,539.90,539.50,541.50,540.04,539.87,541.71
9 Ago 2023,539.05,538.90,537.20,539.12,538.46,538.65,539.87
10 Ago 2023,538.00,539.15,537.45,540.00,539.04,539.10,538.65
11 Ago 2023,539.10,539.67,538.00,540.00,539.42,539.64,539.10
12 Ago 2023,,,,,,,
13 Ago 2023,,,,,,,
14 Ago 2023,0.00,0.00,0.00,0.00,0.00,0.00,539.64
15 Ago 2023,539.00,536.49,536.35,540.00,537.97,537.54,539.64
16 Ago 2023,538.00,536.15,536.00,538.00,536.24,536.17,537.54
17 Ago 2023,537.50,538.00,535.10,538.60,537.02,537.15,536.17
18 Ago 2023,539.00,539.50,536.75,540.90,539.60,539.87,537.15
19 Ago 2023,,,,,,,
20 Ago 2023,,,,,,,
21 Ago 2023,540.00,541.25,539.00,542.50,541.08,541.39,539.87
22 Ago 2023,540.10,543.14,540.10,543.45,543.01,543.14,541.39
23 Ago 2023,544.50,542.75,540.80,544.99,542.67,542.60,543.14
24 Ago 2023,542.60,543.07,542.60,543.90,543.06,543.09,542.60
25 Ago 2023,536.00,542.90,536.00,544.75,543.41,543.36,543.09
26 Ago 2023,,,,,,,
27 Ago 2023,,,,,,,
28 Ago 2023,540.00,540.30,535.02,543.50,541.69,541.39,543.36
29 Ago 2023,541.25,538.91,538.60,541.25,539.27,539.01,541.39
30 Ago 2023,535.00,538.00,535.00,538.75,537.97,538.04,539.01
31 Ago 2023,539.50,537.91,536.85,539.50,537.56,537.91,538.04
1 Set 2023,537.50,538.69,536.00,539.00,538.23,538.67,537.91
2 Set 2023,,,,,,,
3 Set 2023,,,,,,,
4 Set 2023,538.00,539.49,537.75,540.00,539.38,539.50,538.67
5 Set 2023,539.00,539.50,537.00,540.10,539.12,538.32,539.50
6 Set 2023,539.00,538.65,538.10,540.00,538.68,538.67,538.32
7 Set 2023,538.50,539.75,537.00,540.00,539.02,539.22,538.67
8 Set 2023,538.00,541.20,538.00,541.20,540.30,540.59,539.22
9 Set 2023,,,,,,,
10 Set 2023,,,,,,,
11 Set 2023,539.90,539.00,538.90,541.20,539.75,539.31,540.59
12 Set 2023,539.31,536.40,535.00,539.50,536.65,536.31,539.31
13 Set 2023,537.50,533.08,532.80,537.50,533.44,533.09,536.31
14 Set 2023,535.00,533.65,531.02,535.00,532.94,533.18,533.09
15 Set 2023,0.00,0.00,0.00,0.00,0.00,0.00,533.18
16 Set 2023,,,,,,,
17 Set 2023,,,,,,,
18 Set 2023,535.00,534.90,533.00,535.00,534.44,534.77,533.18
19 Set 2023,533.00,536.30,533.00,536.99,536.50,536.52,534.77
20 Set 2023,538.99,538.76,536.00,539.00,538.59,538.59,536.52
21 Set 2023,540.00,541.01,538.00,541.50,540.70,540.89,538.59
22 Set 2023,540.00,541.45,540.00,543.00,541.72,541.68,540.89
23 Set 2023,,,,,,,
24 Set 2023,,,,,,,
25 Set 2023,542.50,537.50,536.90,542.50,538.51,538.09,541.68
26 Set 2023,540.00,534.80,534.50,540.00,534.96,534.90,538.09
27 Set 2023,534.80,535.55,533.00,536.00,534.69,534.83,534.90
28 Set 2023,535.00,539.91,535.00,539.99,538.22,538.97,534.83
29 Set 2023,539.00,539.60,539.00,543.00,541.10,541.23,538.97
30 Set 2023,,,,,,,
1 Oct 2023,,,,,,,
2 Oct 2023,540.00,536.50,535.90,541.00,537.12,536.32,541.23
3 Oct 2023,536.80,537.00,535.52,538.00,537.07,537.02,536.32
4 Oct 2023,534.09,537.50,534.09,539.00,537.86,537.84,537.02
5 Oct 2023,539.49,539.00,537.50,539.49,538.61,538.86,537.84
6 Oct 2023,538.12,539.48,536.90,540.00,538.87,539.48,538.86
7 Oct 2023,,,,,,,
8 Oct 2023,,,,,,,
9 Oct 2023,538.00,538.50,538.00,540.00,538.94,538.67,539.48
10 Oct 2023,537.00,536.25,535.80,538.25,536.80,536.44,538.67
11 Oct 2023,536.00,532.65,531.90,536.00,533.04,532.66,536.44
12 Oct 2023,536.00,532.60,529.51,536.00,532.10,532.04,532.66
13 Oct 2023,532.50,533.25,532.50,533.75,533.31,533.38,532.04
14 Oct 2023,,,,,,,
15 Oct 2023,,,,,,,
16 Oct 2023,533.00,533.05,533.00,534.40,533.52,533.43,533.38
17 Oct 2023,534.50,533.95,533.00,534.50,533.87,533.98,533.43
18 Oct 2023,534.00,534.45,534.00,534.60,534.45,534.47,533.98
19 Oct 2023,534.95,536.40,534.40,536.50,535.56,535.93,534.47
20 Oct 2023,536.50,534.50,534.00,536.50,535.16,534.93,535.93
21 Oct 2023,,,,,,,
22 Oct 2023,,,,,,,
23 Oct 2023,534.76,535.25,534.50,535.25,535.06,535.18,534.93
24 Oct 2023,535.00,534.50,533.00,535.10,534.49,534.52,535.18
25 Oct 2023,533.00,534.00,533.00,534.65,534.25,534.22,534.52
26 Oct 2023,534.10,534.50,533.00,534.81,534.54,534.63,534.22
27 Oct 2023,535.10,535.60,533.10,536.00,534.76,535.25,534.63
28 Oct 2023,,,,,,,
29 Oct 2023,,,,,,,
30 Oct 2023,535.00,534.80,534.00,535.99,535.57,535.45,535.25
31 Oct 2023,535.00,535.00,534.00,535.30,534.89,534.90,535.45
1 Nov 2023,534.00,535.92,534.00,536.02,535.86,535.97,534.90
2 Nov 2023,535.25,537.80,534.50,537.92,537.10,537.61,535.97
3 Nov 2023,538.10,537.35,536.00,539.00,537.84,537.64,537.61
4 Nov 2023,,,,,,,
5 Nov 2023,,,,,,,
6 Nov 2023,536.01,536.80,535.25,537.50,536.72,536.87,537.64
7 Nov 2023,535.21,535.65,535.00,536.20,535.73,535.63,536.87
8 Nov 2023,535.50,535.35,534.00,535.50,535.24,535.27,535.63
9 Nov 2023,535.00,535.50,535.00,535.50,535.24,535.25,535.27
10 Nov 2023,534.50,534.68,534.00,535.15,534.82,534.73,535.25
11 Nov 2023,,,,,,,
12 Nov 2023,,,,,,,
13 Nov 2023,535.00,534.25,531.00,535.00,533.98,534.12,534.73
14 Nov 2023,533.50,534.21,533.50,534.45,534.19,534.23,534.12
15 Nov 2023,534.00,534.75,533.99,535.30,534.59,534.67,534.23
16 Nov 2023,534.60,535.06,534.50,535.99,534.88,534.95,534.67
17 Nov 2023,535.00,534.00,533.00,535.00,534.36,534.26,534.95
18 Nov 2023,,,,,,,
19 Nov 2023,,,,,,,
20 Nov 2023,534.00,533.60,533.07,534.00,533.64,533.62,534.26
21 Nov 2023,534.00,533.85,533.00,534.00,533.63,533.79,533.62
22 Nov 2023,534.00,533.70,533.55,534.00,533.79,533.78,533.79
23 Nov 2023,533.25,533.30,532.70,534.00,533.15,533.19,533.78
24 Nov 2023,533.50,533.40,533.00,533.55,533.45,533.46,533.19
25 Nov 2023,,,,,,,
26 Nov 2023,,,,,,,
27 Nov 2023,533.00,532.70,532.50,534.00,532.81,532.80,533.46
28 Nov 2023,532.00,532.09,532.00,532.50,532.10,532.10,532.80
29 Nov 2023,532.40,534.60,531.50,535.47,532.96,532.87,532.10
30 Nov 2023,534.25,536.00,533.51,537.35,535.62,536.27,532.87
1 Dic 2023,0.00,0.00,0.00,0.00,0.00,0.00,536.27
2 Dic 2023,,,,,,,
3 Dic 2023,,,,,,,
4 Dic 2023,535.00,532.09,530.00,535.00,532.74,532.11,536.27
5 Dic 2023,533.00,532.36,532.00,533.00,532.29,532.32,532.11
6 Dic 2023,534.00,531.20,530.50,534.00,531.37,531.13,532.32
7 Dic 2023,532.00,530.95,530.00,532.00,530.94,530.95,531.13
8 Dic 2023,531.00,530.67,530.50,531.00,530.77,530.82,530.95
9 Dic 2023,,,,,,,
10 Dic 2023,,,,,,,
11 Dic 2023,530.00,529.90,529.65,530.50,530.02,529.95,530.82
12 Dic 2023,531.00,529.39,528.75,531.00,529.32,529.31,529.95
13 Dic 2023,529.80,528.35,528.00,529.80,528.55,528.49,529.31
14 Dic 2023,528.50,527.00,525.32,528.50,526.39,526.23,528.49
15 Dic 2023,527.50,527.20,525.51,527.50,526.33,526.22,526.23
16 Dic 2023,,,,,,,
17 Dic 2023,,,,,,,
18 Dic 2023,527.50,525.00,524.00,527.50,525.98,525.68,526.22
19 Dic 2023,525.20,524.08,523.41,525.35,524.10,524.05,525.68
20 Dic 2023,526.00,523.00,522.01,526.00,523.52,523.42,524.05
21 Dic 2023,524.00,523.75,522.00,524.00,522.92,522.83,523.42
22 Dic 2023,525.00,522.25,522.00,525.00,522.63,522.39,522.83
23 Dic 2023,,,,,,,
24 Dic 2023,,,,,,,
25 Dic 2023,0.00,0.00,0.00,0.00,0.00,0.00,522.39
26 Dic 2023,524.86,521.70,520.13,524.86,521.79,521.70,522.39
27 Dic 2023,521.10,523.32,520.05,523.50,522.44,522.96,521.70
28 Dic 2023,523.00,523.80,523.00,524.00,523.44,523.46,522.96
29 Dic 2023,0.00,0.00,0.00,0.00,0.00,0.00,523.46
30 Dic 2023,,,,,,,
31 Dic 2023,,,,,,,
1 Ene 2024,0.00,0.00,0.00,0.00,0.00,0.00,523.46
2 Ene 2024,520.88,522.87,520.88,525.00,523.44,523.10,523.46
3 Ene 2024,524.00,521.79,521.50,525.00,522.22,521.84,523.10
4 Ene 2024,522.00,521.25,520.50,523.00,521.23,521.13,521.84
5 Ene 2024,521.10,524.40,520.05,524.50,522.01,522.49,521.13
6 Ene 2024,,,,,,,
7 Ene 2024,,,,,,,
8 Ene 2024,523.50,524.60,522.90,525.00,524.58,524.67,522.49
9 Ene 2024,524.00,523.00,522.50,524.95,523.84,523.55,524.67
10 Ene 2024,523.00,523.00,520.55,523.00,521.63,521.56,523.55
11 Ene 2024,521.15,521.15,520.60,522.20,520.92,520.81,521.56
12 Ene 2024,520.00,520.15,520.00,520.99,520.30,520.19,520.81
13 Ene 2024,,,,,,,
14 Ene 2024,,,,,,,
15 Ene 2024,521.00,518.25,518.00,521.00,518.56,518.53,520.19
16 Ene 2024,518.05,517.90,517.50,518.65,518.23,518.23,518.53
17 Ene 2024,517.50,517.00,516.50,519.00,517.54,517.46,518.23
18 Ene 2024,516.97,517.00,516.00,518.00,517.04,517.06,517.46
19 Ene 2024,518.00,516.65,516.51,518.00,516.79,516.73,517.06
20 Ene 2024,,,,,,,
21 Ene 2024,,,,,,,
22 Ene 2024,516.20,516.00,516.00,516.50,516.16,516.13,516.73
23 Ene 2024,516.01,515.50,515.50,516.50,515.74,515.72,516.13
24 Ene 2024,516.00,515.11,515.00,516.50,515.14,515.11,515.72
25 Ene 2024,515.50,514.82,514.65,515.50,514.81,514.82,515.11
26 Ene 2024,514.30,515.35,513.70,515.90,514.99,515.27,514.82
27 Ene 2024,,,,,,,
28 Ene 2024,,,,,,,
29 Ene 2024,514.00,516.71,514.00,516.90,515.96,516.45,515.27
30 Ene 2024,516.25,517.80,516.25,520.00,518.38,518.30,516.45
31 Ene 2024,518.10,517.65,517.25,519.88,518.41,518.04,518.30
1 Feb 2024,517.50,518.36,517.00,518.50,518.06,518.18,518.04
2 Feb 2024,518.75,519.50,518.35,519.75,519.00,519.06,518.18
3 Feb 2024,,,,,,,
4 Feb 2024,,,,,,,
5 Feb 2024,519.51,520.00,519.50,521.49,520.66,520.64,519.06
6 Feb 2024,520.01,519.95,519.85,520.50,520.04,520.00,520.64
7 Feb 2024,519.90,519.15,518.99,519.90,519.16,519.15,520.00
8 Feb 2024,519.00,519.80,518.70,519.99,519.59,519.68,519.15
9 Feb 2024,519.50,520.15,513.00,520.30,519.63,519.93,519.68
10 Feb 2024,,,,,,,
11 Feb 2024,,,,,,,
12 Feb 2024,520.00,519.90,519.00,520.00,519.78,519.89,519.93
13 Feb 2024,518.95,519.80,518.95,520.00,519.78,519.82,519.89
14 Feb 2024,519.00,518.30,518.00,519.50,518.48,518.43,519.82
15 Feb 2024,517.00,516.35,516.25,519.00,516.52,516.39,518.43
16 Feb 2024,516.00,515.99,515.01,516.25,515.97,515.95,516.39
17 Feb 2024,,,,,,,
18 Feb 2024,,,,,,,
19 Feb 2024,515.50,514.85,513.05,516.50,514.84,514.82,515.95
20 Feb 2024,516.45,516.20,514.80,516.75,515.90,515.95,514.82
21 Feb 2024,516.01,516.10,516.00,516.90,516.27,516.25,515.95
22 Feb 2024,517.00,515.25,514.90,517.00,515.27,515.20,516.25
23 Feb 2024,515.25,517.40,514.90,517.40,516.39,516.93,515.20
24 Feb 2024,,,,,,,
25 Feb 2024,,,,,,,
26 Feb 2024,516.00,516.90,516.00,517.45,517.07,517.11,516.93
27 Feb 2024,516.00,514.50,514.20,517.24,515.85,515.20,517.11
28 Feb 2024,514.50,514.99,514.01,515.00,514.44,514.41,515.20
29 Feb 2024,514.60,515.80,514.15,516.10,515.24,515.73,514.41
1 Mar 2024,514.55,514.85,514.51,515.00,514.71,514.76,515.73
2 Mar 2024,,,,,,,
3 Mar 2024,,,,,,,
4 Mar 2024,515.00,514.68,513.01,515.00,514.68,514.70,514.76
5 Mar 2024,514.50,512.60,512.50,514.50,513.05,512.94,514.70
6 Mar 2024,508.89,510.74,507.01,512.50,511.13,510.95,512.94
7 Mar 2024,511.00,510.20,510.00,511.00,510.26,510.21,510.95
8 Mar 2024,510.05,510.05,509.89,510.50,510.10,510.02,510.21
9 Mar 2024,,,,,,,
10 Mar 2024,,,,,,,
11 Mar 2024,508.01,508.99,508.00,510.00,508.99,509.00,510.02
12 Mar 2024,508.00,507.90,507.70,508.25,507.99,507.97,509.00
13 Mar 2024,509.00,507.00,506.95,509.00,507.07,507.06,507.97
14 Mar 2024,507.00,505.90,505.25,507.00,506.02,505.99,507.06
15 Mar 2024,505.00,504.95,504.90,505.99,505.15,505.15,505.99
16 Mar 2024,,,,,,,
17 Mar 2024,,,,,,,
18 Mar 2024,505.00,504.35,497.00,505.00,504.17,504.40,505.15
19 Mar 2024,504.50,504.31,503.00,504.50,504.30,504.30,504.40
20 Mar 2024,502.00,504.15,500.00,504.20,503.92,504.09,504.30
21 Mar 2024,502.00,504.00,502.00,504.00,503.93,503.94,504.09
22 Mar 2024,504.00,504.21,503.50,505.00,503.97,503.99,503.94
23 Mar 2024,,,,,,,
24 Mar 2024,,,,,,,
25 Mar 2024,504.50,503.85,503.55,504.50,503.91,503.87,503.99
26 Mar 2024,504.00,504.40,504.00,505.50,504.31,504.27,503.87
27 Mar 2024,505.00,503.80,503.50,505.00,503.89,503.85,504.27
28 Mar 2024,0.00,0.00,0.00,0.00,0.00,0.00,503.85
29 Mar 2024,0.00,0.00,0.00,0.00,0.00,0.00,503.85
30 Mar 2024,,,,,,,
31 Mar 2024,,,,,,,
1 Abr 2024,503.85,504.80,503.00,504.85,504.18,504.32,503.85
2 Abr 2024,503.80,505.20,503.80,505.86,504.94,505.15,504.32
3 Abr 2024,505.50,504.76,503.00,505.90,505.05,504.99,505.15
4 Abr 2024,504.76,503.70,503.50,504.76,503.85,503.82,504.99
5 Abr 2024,503.50,504.45,503.00,504.60,504.13,504.29,503.82
6 Abr 2024,,,,,,,
7 Abr 2024,,,,,,,
8 Abr 2024,500.64,503.49,500.00,504.30,503.50,503.51,504.29
9 Abr 2024,504.00,502.70,502.50,504.00,502.79,502.75,503.51
10 Abr 2024,502.70,502.31,502.00,502.70,502.41,502.40,502.75
11 Abr 2024,502.00,502.20,502.00,502.90,502.22,502.21,502.40
12 Abr 2024,502.11,502.11,502.11,503.00,502.21,502.21,502.21
13 Abr 2024,,,,,,,
14 Abr 2024,,,,,,,
15 Abr 2024,0.00,0.00,0.00,0.00,0.00,0.00,502.21
16 Abr 2024,502.00,502.06,502.00,502.49,502.08,502.06,502.21
17 Abr 2024,502.00,501.96,501.00,502.50,501.97,501.97,502.06
18 Abr 2024,501.97,501.97,501.84,501.97,501.89,501.89,501.97
19 Abr 2024,501.79,501.95,501.79,502.00,501.93,501.95,501.89
20 Abr 2024,,,,,,,
21 Abr 2024,,,,,,,
22 Abr 2024,503.00,503.00,501.85,503.06,502.57,502.76,501.95
23 Abr 2024,502.00,503.00,502.00,503.90,503.18,503.15,502.76
24 Abr 2024,503.50,503.25,502.75,503.60,503.22,503.30,503.15
25 Abr 2024,502.75,503.10,502.49,504.20,503.14,503.10,503.30
26 Abr 2024,503.50,504.71,503.00,505.05,504.19,504.46,503.10
27 Abr 2024,,,,,,,
28 Abr 2024,,,,,,,
29 Abr 2024,503.20,509.46,503.20,509.50,507.25,508.47,504.46
30 Abr 2024,508.00,510.00,506.50,510.00,509.37,509.19,508.47
1 May 2024,0.00,0.00,0.00,0.00,0.00,0.00,509.19
2 May 2024,509.00,509.55,508.15,509.75,509.38,509.45,509.19
3 May 2024,510.96,510.25,509.00,511.00,509.86,510.03,509.45
4 May 2024,,,,,,,
5 May 2024,,,,,,,
6 May 2024,507.00,511.43,507.00,511.50,511.04,511.31,510.03
7 May 2024,511.00,511.92,511.00,512.20,511.99,512.01,511.31
8 May 2024,512.75,512.80,511.75,512.80,512.55,512.60,512.01
9 May 2024,511.00,513.05,511.00,513.50,512.83,512.90,512.60
10 May 2024,512.99,512.61,512.00,512.99,512.38,512.52,512.90
11 May 2024,,,,,,,
12 May 2024,,,,,,,
13 May 2024,513.00,511.90,511.00,513.00,512.21,512.11,512.52
14 May 2024,511.30,510.66,510.50,511.99,510.82,510.67,512.11
15 May 2024,510.00,510.00,509.70,510.70,509.94,509.94,510.67
16 May 2024,509.80,510.60,509.70,510.80,510.01,510.08,509.94
17 May 2024,510.03,512.20,510.00,512.45,511.48,511.88,510.08
18 May 2024,,,,,,,
19 May 2024,,,,,,,
20 May 2024,512.00,513.41,511.55,513.41,513.20,513.35,511.88
21 May 2024,513.50,514.65,512.40,514.65,514.25,514.38,513.35
22 May 2024,513.00,515.75,513.00,516.00,515.54,515.64,514.38
23 May 2024,515.00,517.25,515.00,517.25,516.75,517.01,515.64
24 May 2024,517.50,520.05,516.10,520.44,518.75,518.57,517.01
25 May 2024,,,,,,,
26 May 2024,,,,,,,
27 May 2024,520.00,522.00,519.15,522.50,521.71,522.09,518.57
28 May 2024,522.01,524.59,522.00,524.98,524.33,524.48,522.09
29 May 2024,524.70,525.50,524.25,526.00,525.15,525.05,524.48
30 May 2024,525.01,527.30,525.01,528.10,527.43,527.49,525.05
31 May 2024,527.50,531.50,527.50,535.00,530.19,531.55,527.49
1 Jun 2024,,,,,,,
2 Jun 2024,,,,,,,
3 Jun 2024,530.00,529.70,529.50,533.75,531.83,531.38,531.55
4 Jun 2024,530.00,530.00,529.01,531.70,529.77,529.65,531.38
5 Jun 2024,529.00,530.00,528.75,530.25,529.36,529.49,529.65
6 Jun 2024,526.94,531.20,526.94,531.20,530.80,530.96,529.49
7 Jun 2024,530.00,534.95,530.00,536.00,534.11,535.02,530.96
8 Jun 2024,,,,,,,
9 Jun 2024,,,,,,,
10 Jun 2024,534.00,530.85,530.50,536.00,532.42,531.15,535.02
11 Jun 2024,530.00,527.00,526.85,530.00,527.28,527.04,531.15
12 Jun 2024,525.00,525.76,523.00,526.98,525.53,525.75,527.04
13 Jun 2024,522.00,524.20,522.00,525.00,524.14,524.09,525.75
14 Jun 2024,525.24,522.75,521.00,525.24,522.08,522.15,524.09
15 Jun 2024,,,,,,,
16 Jun 2024,,,,,,,
17 Jun 2024,520.00,520.80,518.00,521.00,520.86,520.91,522.15
18 Jun 2024,520.00,519.15,518.80,520.01,519.13,519.06,520.91
19 Jun 2024,519.90,520.00,519.00,520.00,519.54,519.48,519.06
20 Jun 2024,518.10,523.25,518.01,523.40,522.25,522.73,519.48
21 Jun 2024,523.90,526.70,523.90,526.80,526.10,526.42,522.73
22 Jun 2024,,,,,,,
23 Jun 2024,,,,,,,
24 Jun 2024,527.00,524.10,524.10,527.67,525.57,525.19,526.42
25 Jun 2024,524.80,523.10,522.20,524.80,522.97,522.92,525.19
26 Jun 2024,522.90,528.10,522.90,529.00,525.68,526.19,522.92
27 Jun 2024,525.00,527.96,525.00,529.50,528.28,528.21,526.19
28 Jun 2024,527.28,527.85,526.00,529.40,528.47,528.27,528.21
29 Jun 2024,,,,,,,
30 Jun 2024,,,,,,,
1 Jul 2024,527.00,526.84,526.66,527.99,526.96,526.87,528.27
2 Jul 2024,525.00,527.33,525.00,528.00,527.24,527.33,526.87
3 Jul 2024,527.60,529.00,524.00,529.50,527.43,527.53,527.33
4 Jul 2024,525.25,531.70,525.25,531.75,530.60,531.29,527.53
5 Jul 2024,527.60,533.10,527.60,535.50,533.37,533.49,531.29
6 Jul 2024,,,,,,,
7 Jul 2024,,,,,,,
8 Jul 2024,530.00,530.30,530.00,534.00,531.83,530.85,533.49
9 Jul 2024,530.00,526.50,526.25,532.00,528.21,527.35,530.85
10 Jul 2024,526.00,524.75,523.00,527.00,524.76,524.66,527.35
11 Jul 2024,523.20,524.60,522.75,525.00,523.93,524.00,524.66
12 Jul 2024,523.20,526.82,523.20,527.00,525.48,525.63,524.00
13 Jul 2024,,,,,,,
14 Jul 2024,,,,,,,
15 Jul 2024,526.00,524.53,524.00,526.00,524.64,524.52,525.63
16 Jul 2024,523.50,523.75,523.00,524.18,523.73,523.72,524.52
17 Jul 2024,523.00,524.80,523.00,524.90,523.84,523.96,523.72
18 Jul 2024,523.00,529.70,523.00,529.70,527.56,528.13,523.96
19 Jul 2024,527.00,530.85,527.00,531.10,529.98,530.39,528.13
20 Jul 2024,,,,,,,
21 Jul 2024,,,,,,,
22 Jul 2024,530.00,529.00,528.60,531.00,529.47,529.43,530.39
23 Jul 2024,527.00,525.80,525.00,528.00,526.23,526.04,529.43
24 Jul 2024,526.50,526.03,524.50,526.50,525.65,525.73,526.04
25 Jul 2024,0.00,0.00,0.00,0.00,0.00,0.00,525.73
26 Jul 2024,524.50,526.30,522.13,527.25,525.76,526.13,525.73
27 Jul 2024,,,,,,,
28 Jul 2024,,,,,,,
29 Jul 2024,526.00,525.75,525.00,526.05,525.78,525.84,526.13
30 Jul 2024,526.50,524.00,523.95,526.50,524.67,524.39,525.84
31 Jul 2024,525.50,523.96,523.65,525.50,523.90,523.84,524.39
1 Ago 2024,523.90,526.51,522.90,527.00,524.27,524.31,523.84
2 Ago 2024,0.00,0.00,0.00,0.00,0.00,0.00,524.31
3 Ago 2024,,,,,,,
4 Ago 2024,,,,,,,
5 Ago 2024,524.75,524.18,521.01,525.00,524.29,524.27,524.31
6 Ago 2024,524.00,525.66,524.00,526.05,525.43,525.51,524.27
7 Ago 2024,524.00,530.99,524.00,531.00,529.09,529.53,525.51
8 Ago 2024,530.36,529.20,528.00,530.36,529.64,529.79,529.53
9 Ago 2024,527.00,530.30,527.00,530.99,529.88,530.17,529.79
10 Ago 2024,,,,,,,
11 Ago 2024,,,,,,,
12 Ago 2024,527.00,526.60,526.05,528.80,527.53,527.14,530.17
13 Ago 2024,526.00,522.60,522.00,526.49,522.94,522.80,527.14
14 Ago 2024,523.00,520.25,518.90,523.00,519.75,519.55,522.80
15 Ago 2024,0.00,0.00,0.00,0.00,0.00,0.00,519.55
16 Ago 2024,519.00,520.15,519.00,520.20,519.70,519.72,519.55
17 Ago 2024,,,,,,,
18 Ago 2024,,,,,,,
19 Ago 2024,520.14,521.87,519.50,522.50,521.30,521.92,519.72
20 Ago 2024,520.00,524.00,519.01,524.20,523.64,523.85,521.92
21 Ago 2024,523.50,522.90,522.60,524.00,523.14,523.05,523.85
22 Ago 2024,521.50,524.10,521.15,524.25,522.69,523.03,523.05
23 Ago 2024,524.41,527.05,522.75,527.05,525.75,526.03,523.03
24 Ago 2024,,,,,,,
25 Ago 2024,,,,,,,
26 Ago 2024,522.00,523.00,522.00,525.00,524.22,524.03,526.03
27 Ago 2024,523.84,519.50,519.25,523.84,520.12,519.64,524.03
28 Ago 2024,522.29,519.01,514.00,522.50,519.14,519.05,519.64
29 Ago 2024,515.00,519.50,515.00,519.99,519.26,519.42,519.05
30 Ago 2024,519.20,520.00,519.20,521.00,520.26,520.41,519.42
31 Ago 2024,,,,,,,
1 Set 2024,,,,,,,
2 Set 2024,520.00,519.50,519.05,520.35,519.90,519.93,520.41
3 Set 2024,520.00,519.32,518.80,520.00,519.33,519.40,519.93
4 Set 2024,519.00,522.43,519.00,522.50,520.92,521.71,519.40
5 Set 2024,522.00,523.35,521.00,523.85,522.86,523.01,521.71
6 Set 2024,522.90,521.95,520.50,523.30,521.80,521.73,523.01
7 Set 2024,,,,,,,
8 Set 2024,,,,,,,
9 Set 2024,521.00,520.01,519.60,521.00,520.49,520.37,521.73
10 Set 2024,518.00,518.97,518.00,520.50,519.13,519.01,520.37
11 Set 2024,518.50,518.15,517.50,518.85,518.03,517.91,519.01
12 Set 2024,518.85,520.05,518.00,520.50,519.53,519.76,517.91
13 Set 2024,519.00,519.00,517.25,520.00,518.60,518.59,519.76
14 Set 2024,,,,,,,
15 Set 2024,,,,,,,
16 Set 2024,518.50,518.90,518.00,520.00,518.90,519.06,518.59
17 Set 2024,518.00,519.25,518.00,520.29,519.23,519.30,519.06
18 Set 2024,520.72,519.95,519.30,520.72,519.68,519.70,519.30
19 Set 2024,518.05,520.00,518.05,520.05,519.61,519.50,519.70
20 Set 2024,519.49,521.50,518.15,522.25,520.93,521.50,519.50
21 Set 2024,,,,,,,
22 Set 2024,,,,,,,
23 Set 2024,519.00,519.60,519.00,521.07,520.17,519.98,521.50
24 Set 2024,520.00,520.10,519.00,521.00,520.28,520.35,519.98
25 Set 2024,520.50,518.35,517.52,520.50,518.49,518.45,520.35
26 Set 2024,519.00,522.25,518.00,522.25,521.04,521.80,518.45
27 Set 2024,521.50,521.03,518.00,521.50,520.57,521.03,521.80
28 Set 2024,,,,,,,
29 Set 2024,,,,,,,
30 Set 2024,520.00,518.40,518.00,520.00,518.85,518.76,521.03
1 Oct 2024,518.01,517.70,517.70,519.67,518.62,518.38,518.76
2 Oct 2024,517.50,519.15,517.50,519.20,518.61,518.80,518.38
3 Oct 2024,519.00,520.40,518.01,520.50,519.62,519.94,518.80
4 Oct 2024,519.02,521.10,519.02,521.80,520.81,521.24,519.94
5 Oct 2024,,,,,,,
6 Oct 2024,,,,,,,
7 Oct 2024,519.55,517.75,517.75,520.25,519.09,518.81,521.24
8 Oct 2024,519.00,517.00,516.00,519.00,517.24,517.21,518.81
9 Oct 2024,519.02,518.05,517.10,519.02,517.39,517.33,517.21
10 Oct 2024,517.40,517.02,516.50,517.75,516.84,516.73,517.33
11 Oct 2024,517.00,516.60,515.30,517.50,516.38,516.31,516.73
12 Oct 2024,,,,,,,
13 Oct 2024,,,,,,,
14 Oct 2024,516.90,515.35,515.00,516.90,515.39,515.34,516.31
15 Oct 2024,515.35,514.80,514.75,517.00,515.18,515.17,515.34
16 Oct 2024,515.20,514.49,514.00,517.00,515.03,514.91,515.17
17 Oct 2024,516.50,515.16,513.00,516.50,515.01,515.16,514.91
18 Oct 2024,516.00,515.70,514.16,516.50,515.64,515.69,515.16
19 Oct 2024,,,,,,,
20 Oct 2024,,,,,,,
21 Oct 2024,514.50,516.40,514.50,516.95,516.46,516.64,515.69
22 Oct 2024,516.00,514.85,514.75,516.49,515.53,515.38,516.64
23 Oct 2024,515.00,515.20,510.35,516.15,515.64,515.70,515.38
24 Oct 2024,516.00,515.80,515.26,516.00,515.75,515.76,515.70
25 Oct 2024,516.00,514.65,511.01,516.00,515.11,514.95,515.76
26 Oct 2024,,,,,,,
27 Oct 2024,,,,,,,
28 Oct 2024,516.00,513.45,512.90,516.00,513.78,513.47,514.95
29 Oct 2024,514.00,513.20,512.85,514.00,513.36,513.32,513.47
30 Oct 2024,514.00,512.99,512.80,514.00,513.01,512.99,513.32
31 Oct 2024,515.30,513.70,510.26,515.30,513.63,513.58,512.99
1 Nov 2024,514.00,513.16,511.01,514.00,513.01,513.14,513.58
2 Nov 2024,,,,,,,
3 Nov 2024,,,,,,,
4 Nov 2024,513.20,513.25,513.00,515.00,513.50,513.33,513.14
5 Nov 2024,513.00,511.45,510.90,513.00,511.39,511.17,513.33
6 Nov 2024,512.00,511.85,511.00,512.00,511.52,511.56,511.17
7 Nov 2024,512.00,514.65,510.80,515.00,513.19,513.62,511.56
8 Nov 2024,513.01,513.93,513.01,514.35,513.83,513.92,513.62
9 Nov 2024,,,,,,,
10 Nov 2024,,,,,,,
11 Nov 2024,512.95,512.15,512.00,512.95,512.47,512.41,513.92
12 Nov 2024,512.00,510.60,510.03,512.00,511.02,511.00,512.41
13 Nov 2024,511.00,510.45,510.05,511.00,510.43,510.39,511.00
14 Nov 2024,510.00,509.50,509.00,510.00,509.38,509.38,510.39
15 Nov 2024,509.00,509.30,505.13,509.55,509.06,509.35,509.38
16 Nov 2024,,,,,,,
17 Nov 2024,,,,,,,
18 Nov 2024,509.00,508.64,508.00,509.99,508.75,508.64,509.35
19 Nov 2024,508.00,508.90,507.95,509.50,508.67,508.75,508.64
20 Nov 2024,509.75,511.13,508.00,511.50,510.69,510.81,508.75
21 Nov 2024,512.00,511.45,509.01,512.00,511.14,511.24,510.81
22 Nov 2024,512.82,511.29,509.00,512.82,511.12,511.16,511.24
23 Nov 2024,,,,,,,
24 Nov 2024,,,,,,,
25 Nov 2024,511.99,511.70,510.55,512.00,511.57,511.74,511.16
26 Nov 2024,511.00,511.35,510.51,512.00,511.35,511.39,511.74
27 Nov 2024,511.00,509.40,509.40,511.10,510.36,510.04,511.39
28 Nov 2024,510.00,509.10,507.90,510.50,509.06,508.99,510.04
29 Nov 2024,509.00,510.00,507.05,510.50,509.20,509.76,508.99
30 Nov 2024,,,,,,,
1 Dic 2024,,,,,,,
2 Dic 2024,510.00,508.17,507.80,510.00,508.33,508.05,509.76
3 Dic 2024,508.00,507.35,506.85,509.00,507.46,507.35,508.05
4 Dic 2024,508.00,505.05,505.00,508.00,505.50,505.36,507.35
5 Dic 2024,506.00,505.70,505.00,507.00,505.53,505.71,505.36
6 Dic 2024,506.00,505.05,504.00,506.00,504.95,504.99,505.71
7 Dic 2024,,,,,,,
8 Dic 2024,,,,,,,
9 Dic 2024,504.75,504.15,504.01,504.85,504.26,504.18,504.99
10 Dic 2024,503.50,504.30,503.00,504.95,504.27,504.36,504.18
11 Dic 2024,504.75,504.96,504.50,505.00,504.88,504.87,504.36
12 Dic 2024,505.00,504.85,504.45,505.10,504.68,504.64,504.87
13 Dic 2024,505.00,504.70,504.20,505.20,504.63,504.81,504.64
14 Dic 2024,,,,,,,
15 Dic 2024,,,,,,,
16 Dic 2024,504.01,503.94,503.50,505.00,504.00,503.94,504.81
17 Dic 2024,503.50,504.50,503.50,504.50,504.09,504.17,503.94
18 Dic 2024,503.95,506.95,503.50,507.91,506.05,506.55,504.17
19 Dic 2024,507.00,509.15,506.00,509.25,508.40,508.67,506.55
20 Dic 2024,508.75,506.95,506.25,508.75,507.58,507.38,508.67
21 Dic 2024,,,,,,,
22 Dic 2024,,,,,,,
23 Dic 2024,506.95,507.70,504.00,508.15,507.68,507.78,507.38
24 Dic 2024,507.50,509.40,507.50,509.50,508.65,508.64,507.78
25 Dic 2024,0.00,0.00,0.00,0.00,0.00,0.00,508.64
26 Dic 2024,508.50,509.34,508.50,510.00,509.29,509.32,508.64
27 Dic 2024,510.40,510.40,509.00,513.00,510.16,510.23,509.32
28 Dic 2024,,,,,,,
29 Dic 2024,,,,,,,
30 Dic 2024,510.00,509.95,509.00,513.70,511.40,511.27,510.23
31 Dic 2024,0.00,0.00,0.00,0.00,0.00,0.00,511.27
1 Ene 2025,0.00,0.00,0.00,0.00,0.00,0.00,511.27
2 Ene 2025,512.77,509.80,506.54,512.77,509.61,509.74,511.27
3 Ene 2025,509.00,509.25,508.52,509.90,509.29,509.35,509.74
4 Ene 2025,,,,,,,
5 Ene 2025,,,,,,,
6 Ene 2025,509.00,508.60,508.50,510.00,509.00,508.82,509.35
7 Ene 2025,508.00,507.90,507.50,508.45,507.86,507.66,508.82
8 Ene 2025,508.50,505.98,505.02,508.50,506.00,505.94,507.66
9 Ene 2025,506.00,505.00,504.80,506.00,505.08,505.03,505.94
10 Ene 2025,505.00,505.50,504.90,506.50,505.48,505.56,505.03
11 Ene 2025,,,,,,,
12 Ene 2025,,,,,,,
13 Ene 2025,505.00,503.25,501.00,505.00,504.00,504.10,505.56
14 Ene 2025,504.00,502.15,501.90,504.00,502.27,502.17,504.10
15 Ene 2025,503.00,502.45,501.05,503.00,502.11,502.20,502.17
16 Ene 2025,500.00,504.00,500.00,505.00,503.53,504.02,502.20
17 Ene 2025,504.00,504.40,503.81,504.60,504.39,504.44,504.02
18 Ene 2025,,,,,,,
19 Ene 2025,,,,,,,
20 Ene 2025,504.00,505.55,503.50,505.85,505.28,505.51,504.44
21 Ene 2025,506.90,504.82,503.00,509.00,505.01,505.15,505.51
22 Ene 2025,504.00,504.00,503.50,505.10,504.67,504.63,505.15
23 Ene 2025,506.00,506.50,504.20,506.65,505.97,506.22,504.63
24 Ene 2025,502.00,509.75,501.21,509.75,507.52,508.72,506.22
25 Ene 2025,,,,,,,
26 Ene 2025,,,,,,,
27 Ene 2025,506.00,508.90,506.00,509.50,508.72,509.06,508.72
28 Ene 2025,508.00,507.00,505.35,508.90,507.32,506.66,509.06
29 Ene 2025,506.10,508.50,504.00,508.94,507.24,507.70,506.66
30 Ene 2025,504.01,509.25,504.00,509.50,508.79,508.96,507.70
31 Ene 2025,509.00,509.55,508.00,509.65,509.29,509.43,508.96
1 Feb 2025,,,,,,,
2 Feb 2025,,,,,,,
3 Feb 2025,506.00,509.50,504.14,509.90,509.27,509.51,509.43
4 Feb 2025,508.50,509.10,508.00,509.14,509.05,509.08,509.51
5 Feb 2025,504.51,509.00,504.51,509.65,509.03,509.18,509.08
6 Feb 2025,508.05,509.50,508.05,510.00,509.36,509.44,509.18
7 Feb 2025,507.50,509.95,507.50,509.95,509.73,509.83,509.44
8 Feb 2025,,,,,,,
9 Feb 2025,,,,,,,
10 Feb 2025,508.75,508.80,508.75,510.60,509.46,509.04,509.83
11 Feb 2025,509.00,508.89,508.50,510.00,509.20,509.23,509.04
12 Feb 2025,510.00,507.15,506.75,510.00,507.38,507.27,509.23
13 Feb 2025,507.50,508.11,507.00,508.15,507.74,507.84,507.27
14 Feb 2025,505.50,507.05,505.50,507.50,507.00,507.03,507.84
15 Feb 2025,,,,,,,
16 Feb 2025,,,,,,,
17 Feb 2025,506.00,506.99,506.00,507.75,506.68,506.78,507.03
18 Feb 2025,508.00,505.00,505.00,510.00,506.64,506.62,506.78
19 Feb 2025,506.00,505.30,505.00,506.00,505.35,505.31,506.62
20 Feb 2025,506.00,507.90,505.00,507.94,507.25,507.61,505.31
21 Feb 2025,508.00,506.90,506.80,508.00,506.99,506.99,507.61
22 Feb 2025,,,,,,,
23 Feb 2025,,,,,,,
24 Feb 2025,506.45,507.00,506.00,507.50,506.96,507.00,506.99
25 Feb 2025,506.00,507.75,506.00,508.00,507.62,507.70,507.00
26 Feb 2025,506.00,506.70,505.25,507.05,506.77,506.83,507.70
27 Feb 2025,506.00,506.52,506.00,506.85,506.56,506.53,506.83
28 Feb 2025,506.00,504.00,501.01,506.75,504.98,504.75,506.53
29 Feb 2025,,,,,,,
1 Mar 2025,,,,,,,
2 Mar 2025,,,,,,,
3 Mar 2025,503.00,505.79,501.00,505.99,505.35,505.77,504.75
4 Mar 2025,506.50,505.31,505.30,506.75,505.87,505.78,505.77
5 Mar 2025,505.00,505.00,504.75,506.20,505.19,505.09,505.78
6 Mar 2025,505.15,505.24,504.50,505.85,505.21,505.18,505.09
7 Mar 2025,504.60,505.16,504.60,506.00,505.45,505.44,505.18
8 Mar 2025,,,,,,,
9 Mar 2025,,,,,,,
10 Mar 2025,505.00,503.20,503.00,505.00,503.53,503.36,505.44
11 Mar 2025,503.00,502.00,499.25,503.00,501.51,501.39,503.36
12 Mar 2025,501.00,500.00,500.00,501.95,501.10,501.03,501.39
13 Mar 2025,500.00,500.65,499.31,500.70,499.92,499.90,501.03
14 Mar 2025,500.50,500.10,500.00,500.50,500.07,500.08,499.90
15 Mar 2025,,,,,,,
16 Mar 2025,,,,,,,
17 Mar 2025,500.50,499.73,499.65,501.00,499.91,499.85,500.08
18 Mar 2025,499.85,500.20,499.85,500.70,500.21,500.28,499.85
19 Mar 2025,501.00,499.85,499.50,501.00,499.96,499.84,500.28
20 Mar 2025,500.00,501.25,499.76,501.60,500.96,501.07,499.84
21 Mar 2025,500.01,500.01,499.80,501.30,500.16,500.03,501.07
22 Mar 2025,,,,,,,
23 Mar 2025,,,,,,,
24 Mar 2025,501.00,500.38,499.85,501.00,500.30,500.27,500.03
25 Mar 2025,500.00,499.75,499.40,500.00,499.78,499.72,500.27
26 Mar 2025,500.00,500.50,499.80,500.95,500.12,500.16,499.72
27 Mar 2025,500.00,502.50,500.00,502.95,501.39,501.77,500.16
28 Mar 2025,501.00,502.55,500.50,502.75,502.00,502.43,501.77
29 Mar 2025,,,,,,,
30 Mar 2025,,,,,,,
31 Mar 2025,501.00,503.25,500.00,503.55,502.83,503.25,502.43
1 Abr 2025,502.47,504.25,502.15,504.50,503.94,504.23,503.25
2 Abr 2025,503.76,505.00,503.76,505.00,504.53,504.75,504.23
3 Abr 2025,504.00,507.80,502.79,507.80,506.69,507.32,504.75
4 Abr 2025,507.27,509.60,507.27,509.75,509.15,509.29,507.32
5 Abr 2025,,,,,,,
6 Abr 2025,,,,,,,
7 Abr 2025,509.07,511.10,509.07,511.95,511.15,511.43,509.29
8 Abr 2025,511.10,510.20,509.99,513.00,510.55,510.40,511.43
9 Abr 2025,509.97,509.15,508.80,510.00,509.07,509.04,510.40
10 Abr 2025,508.26,507.95,501.00,508.26,507.47,507.77,509.04
11 Abr 2025,0.00,0.00,0.00,0.00,0.00,0.00,507.77
12 Abr 2025,,,,,,,
13 Abr 2025,,,,,,,
14 Abr 2025,506.04,505.50,504.55,507.00,505.44,505.34,507.77
15 Abr 2025,504.59,504.35,503.96,505.00,504.24,504.16,505.34
16 Abr 2025,503.93,504.40,502.85,504.75,504.11,504.15,504.16
17 Abr 2025,0.00,0.00,0.00,0.00,0.00,0.00,504.15
18 Abr 2025,0.00,0.00,0.00,0.00,0.00,0.00,504.15
19 Abr 2025,,,,,,,
20 Abr 2025,,,,,,,
21 Abr 2025,503.51,504.19,503.50,504.37,504.14,504.14,504.15
22 Abr 2025,504.00,505.50,503.90,505.57,504.96,505.25,504.14
23 Abr 2025,505.17,506.10,505.00,506.60,505.95,506.03,505.25
24 Abr 2025,506.50,506.75,506.35,507.00,506.45,506.42,506.03
25 Abr 2025,506.37,507.15,506.00,507.50,506.84,507.06,506.42
26 Abr 2025,,,,,,,
27 Abr 2025,,,,,,,
28 Abr 2025,506.10,507.00,506.00,507.00,506.71,506.76,507.06
29 Abr 2025,506.17,506.35,505.25,506.50,505.97,506.21,506.76
30 Abr 2025,504.58,506.72,504.28,506.95,506.51,506.70,506.21
1 May 2025,0.00,0.00,0.00,0.00,0.00,0.00,506.70
2 May 2025,506.00,507.20,505.40,507.20,506.36,506.68,506.70
3 May 2025,,,,,,,
4 May 2025,,,,,,,
5 May 2025,506.22,508.80,506.00,508.85,507.86,508.27,506.68
6 May 2025,508.41,509.05,508.27,510.00,509.35,509.22,508.27
7 May 2025,508.86,508.95,508.00,510.00,509.10,508.99,509.22
8 May 2025,509.44,508.95,508.50,510.00,508.89,508.84,508.99
9 May 2025,508.43,508.30,508.00,509.00,508.41,508.31,508.84
10 May 2025,,,,,,,
11 May 2025,,,,,,,
12 May 2025,507.83,507.70,507.60,508.50,507.80,507.74,508.31
13 May 2025,507.41,506.45,506.45,507.72,506.97,506.81,507.74
14 May 2025,506.50,505.15,505.00,506.50,505.22,505.17,506.81
15 May 2025,505.00,504.69,504.50,505.05,504.66,504.63,505.17
16 May 2025,503.00,504.25,503.00,504.50,504.13,504.16,504.63
17 May 2025,,,,,,,
18 May 2025,,,,,,,
19 May 2025,504.20,505.22,504.07,505.22,504.89,504.97,504.16
20 May 2025,505.22,506.44,505.05,506.70,506.29,506.39,504.97
21 May 2025,507.00,508.35,506.60,508.75,508.02,508.33,506.39